{"type":"FeatureCollection","metadata":{"province":"Albay","provinceCode":"05005","snapshot":"2023-10-24","boundarySource":"NAMRIA","codeSource":"Philippine Statistics Authority PSGC","featureCount":720},"features":[{"type":"Feature","properties":{"code":"0500501001","name":"Baclayon","areaSqKm":1.29169119012,"municipalityCode":"0500501000","municipalityName":"Bacacay","provinceCode":"05005","provinceName":"Albay"},"geometry":{"type":"Polygon","coordinates":[[[123.79656436200003,13.288196369000048],[123.78917207400002,13.275101781000046],[123.78402922500004,13.278340041000035],[123.78710801000011,13.287834333000035],[123.79656436200003,13.288196369000048]]]}},{"type":"Feature","properties":{"code":"0500501002","name":"Banao","areaSqKm":4.11368775215,"municipalityCode":"0500501000","municipalityName":"Bacacay","provinceCode":"05005","provinceName":"Albay"},"geometry":{"type":"Polygon","coordinates":[[[123.81072108700005,13.263612231000025],[123.8248293470001,13.247264441000027],[123.82057891900001,13.240920439000035],[123.79238390400008,13.254175929000041],[123.81072108700005,13.263612231000025]]]}},{"type":"Feature","properties":{"code":"0500501032","name":"Barangay 1","areaSqKm":0.179190816741,"municipalityCode":"0500501000","municipalityName":"Bacacay","provinceCode":"05005","provinceName":"Albay"},"geometry":{"type":"Polygon","coordinates":[[[123.7936798610001,13.295024062000039],[123.79490060400008,13.29680967400003],[123.80106761400009,13.296355643000027],[123.7936798610001,13.295024062000039]]]}},{"type":"Feature","properties":{"code":"0500501038","name":"Barangay 2","areaSqKm":0.0591246363268,"municipalityCode":"0500501000","municipalityName":"Bacacay","provinceCode":"05005","provinceName":"Albay"},"geometry":{"type":"Polygon","coordinates":[[[123.79304058100001,13.29495838300005],[123.79707624900004,13.295358022000073],[123.79662975100007,13.293592801000045],[123.79304058100001,13.29495838300005]]]}},{"type":"Feature","properties":{"code":"0500501039","name":"Barangay 3","areaSqKm":0.118492699904,"municipalityCode":"0500501000","municipalityName":"Bacacay","provinceCode":"05005","provinceName":"Albay"},"geometry":{"type":"Polygon","coordinates":[[[123.7874251830001,13.297849256000063],[123.79205430900004,13.297356770000022],[123.79293071900008,13.294800395000038],[123.7874251830001,13.297849256000063]]]}},{"type":"Feature","properties":{"code":"0500501040","name":"Barangay 4","areaSqKm":0.0553142779228,"municipalityCode":"0500501000","municipalityName":"Bacacay","provinceCode":"05005","provinceName":"Albay"},"geometry":{"type":"Polygon","coordinates":[[[123.7874251830001,13.297849256000063],[123.79244626500008,13.295087479000074],[123.79293071900008,13.294800395000038],[123.7874251830001,13.297849256000063]]]}},{"type":"Feature","properties":{"code":"0500501041","name":"Barangay 5","areaSqKm":0.0679709031248,"municipalityCode":"0500501000","municipalityName":"Bacacay","provinceCode":"05005","provinceName":"Albay"},"geometry":{"type":"Polygon","coordinates":[[[123.7863839900001,13.296187462000034],[123.7903445720001,13.295359425000072],[123.79251912400002,13.294196069000066],[123.7863839900001,13.296187462000034]]]}},{"type":"Feature","properties":{"code":"0500501042","name":"Barangay 6","areaSqKm":0.162801424914,"municipalityCode":"0500501000","municipalityName":"Bacacay","provinceCode":"05005","provinceName":"Albay"},"geometry":{"type":"Polygon","coordinates":[[[123.79304058100001,13.29495838300005],[123.79831610800011,13.291303567000057],[123.79221443100005,13.293737135000072],[123.79304058100001,13.29495838300005]]]}},{"type":"Feature","properties":{"code":"0500501043","name":"Barangay 7","areaSqKm":0.0280888384419,"municipalityCode":"0500501000","municipalityName":"Bacacay","provinceCode":"05005","provinceName":"Albay"},"geometry":{"type":"Polygon","coordinates":[[[123.78970204400002,13.294319664000056],[123.79296864300011,13.29329877400005],[123.7926839700001,13.29270731300005],[123.78970204400002,13.294319664000056]]]}},{"type":"Feature","properties":{"code":"0500501044","name":"Barangay 8","areaSqKm":0.0108847448686,"municipalityCode":"0500501000","municipalityName":"Bacacay","provinceCode":"05005","provinceName":"Albay"},"geometry":{"type":"Polygon","coordinates":[[[123.79104887400001,13.293003185000032],[123.7926839700001,13.29270731300005],[123.792401444,13.292187314000046],[123.79104887400001,13.293003185000032]]]}},{"type":"Feature","properties":{"code":"0500501045","name":"Barangay 9","areaSqKm":0.131174089497,"municipalityCode":"0500501000","municipalityName":"Bacacay","provinceCode":"05005","provinceName":"Albay"},"geometry":{"type":"Polygon","coordinates":[[[123.792401444,13.292187314000046],[123.79831610800011,13.291303567000057],[123.79775964300006,13.289102702000037],[123.792401444,13.292187314000046]]]}},{"type":"Feature","properties":{"code":"0500501033","name":"Barangay 10","areaSqKm":0.204758658037,"municipalityCode":"0500501000","municipalityName":"Bacacay","provinceCode":"05005","provinceName":"Albay"},"geometry":{"type":"Polygon","coordinates":[[[123.78469632100007,13.294651905000023],[123.79136735000009,13.293486581000025],[123.789291079,13.290661600000021],[123.78469632100007,13.294651905000023]]]}},{"type":"Feature","properties":{"code":"0500501034","name":"Barangay 11","areaSqKm":0.0223568548754,"municipalityCode":"0500501000","municipalityName":"Bacacay","provinceCode":"05005","provinceName":"Albay"},"geometry":{"type":"Polygon","coordinates":[[[123.79104887400001,13.293003185000032],[123.7898437120001,13.290245346000063],[123.789291079,13.290661600000021],[123.79104887400001,13.293003185000032]]]}},{"type":"Feature","properties":{"code":"0500501035","name":"Barangay 12","areaSqKm":0.0434729792407,"municipalityCode":"0500501000","municipalityName":"Bacacay","provinceCode":"05005","provinceName":"Albay"},"geometry":{"type":"Polygon","coordinates":[[[123.7898437120001,13.290245346000063],[123.792401444,13.292187314000046],[123.79092932000003,13.289369584000042],[123.7898437120001,13.290245346000063]]]}},{"type":"Feature","properties":{"code":"0500501036","name":"Barangay 13","areaSqKm":0.193150843427,"municipalityCode":"0500501000","municipalityName":"Bacacay","provinceCode":"05005","provinceName":"Albay"},"geometry":{"type":"Polygon","coordinates":[[[123.79092932000003,13.289369584000042],[123.79775964300006,13.289102702000037],[123.79691185500008,13.287857931000076],[123.79092932000003,13.289369584000042]]]}},{"type":"Feature","properties":{"code":"0500501037","name":"Barangay 14","areaSqKm":0.164136697745,"municipalityCode":"0500501000","municipalityName":"Bacacay","provinceCode":"05005","provinceName":"Albay"},"geometry":{"type":"Polygon","coordinates":[[[123.78710801000011,13.287834333000035],[123.78835032000006,13.291358106000075],[123.79236693200005,13.288215764000029],[123.78710801000011,13.287834333000035]]]}},{"type":"Feature","properties":{"code":"0500501003","name":"Bariw","areaSqKm":1.94191972857,"municipalityCode":"0500501000","municipalityName":"Bacacay","provinceCode":"05005","provinceName":"Albay"},"geometry":{"type":"Polygon","coordinates":[[[123.844581177,13.265411684000071],[123.85394857500012,13.246788319000075],[123.84695790600006,13.24031194500003],[123.83747093600005,13.253896866000048],[123.844581177,13.265411684000071]]]}},{"type":"Feature","properties":{"code":"0500501004","name":"Basud","areaSqKm":1.70825500831,"municipalityCode":"0500501000","municipalityName":"Bacacay","provinceCode":"05005","provinceName":"Albay"},"geometry":{"type":"Polygon","coordinates":[[[123.79421695200006,13.281151603000069],[123.8068483080001,13.265097233000063],[123.79956809500004,13.259472513000048],[123.78917207400002,13.275101781000046],[123.79421695200006,13.281151603000069]]]}},{"type":"Feature","properties":{"code":"0500501005","name":"Bayandong","areaSqKm":4.86641755631,"municipalityCode":"0500501000","municipalityName":"Bacacay","provinceCode":"05005","provinceName":"Albay"},"geometry":{"type":"Polygon","coordinates":[[[123.76673977900009,13.280184751000036],[123.78917207400002,13.275101781000046],[123.79956809500004,13.259472513000048],[123.79238390400008,13.254175929000041],[123.76929638400009,13.268424200000027],[123.76673977900009,13.280184751000036]]]}},{"type":"Feature","properties":{"code":"0500501006","name":"Bonga","areaSqKm":9.89711436912,"municipalityCode":"0500501000","municipalityName":"Bacacay","provinceCode":"05005","provinceName":"Albay"},"geometry":{"type":"Polygon","coordinates":[[[123.76064883200002,13.294127583000034],[123.76929638400009,13.268424200000027],[123.69439226000009,13.259975761000021],[123.76064883200002,13.294127583000034]]]}},{"type":"Feature","properties":{"code":"0500501008","name":"Buang","areaSqKm":2.0084055985,"municipalityCode":"0500501000","municipalityName":"Bacacay","provinceCode":"05005","provinceName":"Albay"},"geometry":{"type":"Polygon","coordinates":[[[123.86518767300004,13.350715123000043],[123.87417719600012,13.34797220200005],[123.87572118300011,13.339827581000065],[123.85904742000002,13.338582898000027],[123.86518767300004,13.350715123000043]]]}},{"type":"Feature","properties":{"code":"0500501048","name":"Busdac","areaSqKm":1.8191912103,"municipalityCode":"0500501000","municipalityName":"Bacacay","provinceCode":"05005","provinceName":"Albay"},"geometry":{"type":"Polygon","coordinates":[[[123.91373648400008,13.33026594000006],[123.93005283500008,13.328034226000057],[123.92504431200007,13.316381351000075],[123.9142061010001,13.32032814200005],[123.91373648400008,13.33026594000006]]]}},{"type":"Feature","properties":{"code":"0500501009","name":"Cabasan","areaSqKm":6.85818800337,"municipalityCode":"0500501000","municipalityName":"Bacacay","provinceCode":"05005","provinceName":"Albay"},"geometry":{"type":"Polygon","coordinates":[[[123.87964656200006,13.332081649000031],[123.89612044900002,13.321378723000066],[123.89330257800009,13.308653805000063],[123.87738752400003,13.303243012000053],[123.86330555100005,13.322076684000024],[123.87964656200006,13.332081649000031]]]}},{"type":"Feature","properties":{"code":"0500501010","name":"Cagbulacao","areaSqKm":9.03994323503,"municipalityCode":"0500501000","municipalityName":"Bacacay","provinceCode":"05005","provinceName":"Albay"},"geometry":{"type":"Polygon","coordinates":[[[123.87738752400003,13.303243012000053],[123.89132888800009,13.283508052000059],[123.8848484020001,13.278508479000038],[123.89453749300003,13.26030159000004],[123.88152821900007,13.257504385000061],[123.864101204,13.29717134200007],[123.87738752400003,13.303243012000053]]]}},{"type":"Feature","properties":{"code":"0500501011","name":"Cagraray","areaSqKm":2.52173610107,"municipalityCode":"0500501000","municipalityName":"Bacacay","provinceCode":"05005","provinceName":"Albay"},"geometry":{"type":"Polygon","coordinates":[[[123.89575912100008,13.29105283900003],[123.89181416300005,13.282843569000022],[123.87738752400003,13.303243012000053],[123.88707733900003,13.308144038000023],[123.89575912100008,13.29105283900003]]]}},{"type":"Feature","properties":{"code":"0500501012","name":"Cajogutan","areaSqKm":1.21194145574,"municipalityCode":"0500501000","municipalityName":"Bacacay","provinceCode":"05005","provinceName":"Albay"},"geometry":{"type":"Polygon","coordinates":[[[123.80372333200012,13.284116978000043],[123.81547615900001,13.288131475000057],[123.81766053400008,13.283722641000054],[123.8108865700001,13.27556846300007],[123.80372333200012,13.284116978000043]]]}},{"type":"Feature","properties":{"code":"0500501013","name":"Cawayan","areaSqKm":1.89544670867,"municipalityCode":"0500501000","municipalityName":"Bacacay","provinceCode":"05005","provinceName":"Albay"},"geometry":{"type":"Polygon","coordinates":[[[123.88707733900003,13.308144038000023],[123.90285308800003,13.301591403000032],[123.89618166200012,13.291295751000064],[123.88707733900003,13.308144038000023]]]}},{"type":"Feature","properties":{"code":"0500501014","name":"Damacan","areaSqKm":2.59706604786,"municipalityCode":"0500501000","municipalityName":"Bacacay","provinceCode":"05005","provinceName":"Albay"},"geometry":{"type":"Polygon","coordinates":[[[123.87425199000006,13.26631272700007],[123.88152821900007,13.257504385000061],[123.87982657600003,13.247754877000034],[123.86487405800005,13.252746588000036],[123.8646203190001,13.261786680000057],[123.87425199000006,13.26631272700007]]]}},{"type":"Feature","properties":{"code":"0500501015","name":"Gubat Ilawod","areaSqKm":1.29993857185,"municipalityCode":"0500501000","municipalityName":"Bacacay","provinceCode":"05005","provinceName":"Albay"},"geometry":{"type":"Polygon","coordinates":[[[123.78692050200004,13.292572664000033],[123.78402922500004,13.278340041000035],[123.7774871360001,13.279076727000074],[123.77730010900007,13.29110055700005],[123.78692050200004,13.292572664000033]]]}},{"type":"Feature","properties":{"code":"0500501016","name":"Gubat Iraya","areaSqKm":1.58601950397,"municipalityCode":"0500501000","municipalityName":"Bacacay","provinceCode":"05005","provinceName":"Albay"},"geometry":{"type":"Polygon","coordinates":[[[123.777879116,13.290176479000024],[123.7774871360001,13.279076727000074],[123.76673977900009,13.280184751000036],[123.76456831400003,13.288327484000035],[123.777879116,13.290176479000024]]]}},{"type":"Feature","properties":{"code":"0500501017","name":"Hindi","areaSqKm":2.77253544628,"municipalityCode":"0500501000","municipalityName":"Bacacay","provinceCode":"05005","provinceName":"Albay"},"geometry":{"type":"Polygon","coordinates":[[[123.78170980000004,13.303138498000067],[123.78469632100007,13.294651905000023],[123.7638889430001,13.288549193000051],[123.7632222100001,13.297000260000061],[123.78170980000004,13.303138498000067]]]}},{"type":"Feature","properties":{"code":"0500501018","name":"Igang","areaSqKm":1.25989621073,"municipalityCode":"0500501000","municipalityName":"Bacacay","provinceCode":"05005","provinceName":"Albay"},"geometry":{"type":"Polygon","coordinates":[[[123.8023930380001,13.297068810000042],[123.81167842700006,13.289626415000043],[123.80372333200012,13.284116978000043],[123.7964787630001,13.28698435900003],[123.8023930380001,13.297068810000042]]]}},{"type":"Feature","properties":{"code":"0500501019","name":"Langaton","areaSqKm":2.44289300629,"municipalityCode":"0500501000","municipalityName":"Bacacay","provinceCode":"05005","provinceName":"Albay"},"geometry":{"type":"Polygon","coordinates":[[[123.91350569300005,13.330445205000046],[123.91117477900002,13.31377509500004],[123.893996893,13.313329889000045],[123.89612044900002,13.321378723000066],[123.91350569300005,13.330445205000046]]]}},{"type":"Feature","properties":{"code":"0500501020","name":"Manaet","areaSqKm":5.1989581248,"municipalityCode":"0500501000","municipalityName":"Bacacay","provinceCode":"05005","provinceName":"Albay"},"geometry":{"type":"Polygon","coordinates":[[[123.85182493000002,13.301465605000033],[123.864101204,13.29717134200007],[123.86973401000012,13.27444704100003],[123.84506230600005,13.275521884000057],[123.85182493000002,13.301465605000033]]]}},{"type":"Feature","properties":{"code":"0500501021","name":"Mapulang Daga","areaSqKm":1.75939006684,"municipalityCode":"0500501000","municipalityName":"Bacacay","provinceCode":"05005","provinceName":"Albay"},"geometry":{"type":"Polygon","coordinates":[[[123.84778333200006,13.265930189000073],[123.8646203190001,13.261786680000057],[123.86372354600007,13.240749008000023],[123.85608785000011,13.262474669000028],[123.84778333200006,13.265930189000073]]]}},{"type":"Feature","properties":{"code":"0500501022","name":"Mataas","areaSqKm":4.13577133752,"municipalityCode":"0500501000","municipalityName":"Bacacay","provinceCode":"05005","provinceName":"Albay"},"geometry":{"type":"Polygon","coordinates":[[[123.88152821900007,13.257504385000061],[123.89931537500001,13.234938288000023],[123.87175374100002,13.224062853000078],[123.88152821900007,13.257504385000061]]]}},{"type":"Feature","properties":{"code":"0500501023","name":"Misibis","areaSqKm":4.23279177759,"municipalityCode":"0500501000","municipalityName":"Bacacay","provinceCode":"05005","provinceName":"Albay"},"geometry":{"type":"Polygon","coordinates":[[[123.89445450300002,13.260091983000052],[123.90493093200007,13.250117771000077],[123.9122827330001,13.23725186400003],[123.89036627400003,13.242556078000064],[123.88152821900007,13.257504385000061],[123.89445450300002,13.260091983000052]]]}},{"type":"Feature","properties":{"code":"0500501024","name":"Nahapunan","areaSqKm":1.51206821665,"municipalityCode":"0500501000","municipalityName":"Bacacay","provinceCode":"05005","provinceName":"Albay"},"geometry":{"type":"MultiPolygon","coordinates":[[[[123.82869274000006,13.266676456000027],[123.84457256200005,13.265417981000041],[123.83747093600005,13.253896866000048],[123.82869274000006,13.266676456000027]]],[[[123.8287117320001,13.267712585000027],[123.83243018900009,13.273244758000033],[123.8364759970001,13.270534564000059],[123.8287117320001,13.267712585000027]]]]}},{"type":"Feature","properties":{"code":"0500501025","name":"Namanday","areaSqKm":2.88261989434,"municipalityCode":"0500501000","municipalityName":"Bacacay","provinceCode":"05005","provinceName":"Albay"},"geometry":{"type":"Polygon","coordinates":[[[123.9377716240001,13.324564918000021],[123.9455550350001,13.319657066000048],[123.94863655800009,13.306026274000033],[123.92704933000005,13.306730870000024],[123.9377716240001,13.324564918000021]]]}},{"type":"Feature","properties":{"code":"0500501026","name":"Namantao","areaSqKm":2.69265894729,"municipalityCode":"0500501000","municipalityName":"Bacacay","provinceCode":"05005","provinceName":"Albay"},"geometry":{"type":"Polygon","coordinates":[[[123.84235518500009,13.276003613000057],[123.86973401000012,13.27444704100003],[123.87379489400007,13.266867503000071],[123.8646203190001,13.261786680000057],[123.84235518500009,13.276003613000057]]]}},{"type":"Feature","properties":{"code":"0500501027","name":"Napao","areaSqKm":3.14556446199,"municipalityCode":"0500501000","municipalityName":"Bacacay","provinceCode":"05005","provinceName":"Albay"},"geometry":{"type":"Polygon","coordinates":[[[123.85824576100003,13.345154692000051],[123.8679962430001,13.325599415000056],[123.85933586700003,13.319978469000034],[123.84192876300006,13.334104603000071],[123.85824576100003,13.345154692000051]]]}},{"type":"Feature","properties":{"code":"0500501028","name":"Panarayon","areaSqKm":0.75038539217,"municipalityCode":"0500501000","municipalityName":"Bacacay","provinceCode":"05005","provinceName":"Albay"},"geometry":{"type":"Polygon","coordinates":[[[123.77974004000009,13.311762187000056],[123.78188168400004,13.30328522800005],[123.77627560100007,13.299492784000051],[123.77243658000009,13.302900805000036],[123.77974004000009,13.311762187000056]]]}},{"type":"Feature","properties":{"code":"0500501029","name":"Pigcobohan","areaSqKm":1.87398643039,"municipalityCode":"0500501000","municipalityName":"Bacacay","provinceCode":"05005","provinceName":"Albay"},"geometry":{"type":"MultiPolygon","coordinates":[[[[123.90829212500012,13.296986353000023],[123.91139403200009,13.296294628000055],[123.90984850000007,13.295507782000072],[123.91013184200006,13.292257421000045],[123.9094334460001,13.291849157000058],[123.90829212500012,13.296986353000023]]],[[[123.91117477900002,13.31377509500004],[123.90285308800003,13.301591403000032],[123.89330257800009,13.308653805000063],[123.91117477900002,13.31377509500004]]]]}},{"type":"Feature","properties":{"code":"0500501030","name":"Pili Ilawod","areaSqKm":1.35438250601,"municipalityCode":"0500501000","municipalityName":"Bacacay","provinceCode":"05005","provinceName":"Albay"},"geometry":{"type":"MultiPolygon","coordinates":[[[[123.82875773600006,13.266581724000048],[123.83326558600004,13.260167446000025],[123.82689911700004,13.251946907000047],[123.825428224,13.258893280000052],[123.82875773600006,13.266581724000048]]],[[[123.81072108700005,13.263612231000025],[123.8218051670001,13.266375943000071],[123.81616405500006,13.258242736000057],[123.81072108700005,13.263612231000025]]],[[[123.82054143700009,13.271123551000073],[123.82016109500012,13.269172639000033],[123.81845249000003,13.269956523000076],[123.82054143700009,13.271123551000073]]]]}},{"type":"Feature","properties":{"code":"0500501031","name":"Pili Iraya","areaSqKm":0.823971317092,"municipalityCode":"0500501000","municipalityName":"Bacacay","provinceCode":"05005","provinceName":"Albay"},"geometry":{"type":"Polygon","coordinates":[[[123.80799879300002,13.270348009000031],[123.82054143700009,13.271123551000073],[123.8068483080001,13.265097233000063],[123.80799879300002,13.270348009000031]]]}},{"type":"Feature","properties":{"code":"0500501046","name":"Pongco","areaSqKm":2.00556640584,"municipalityCode":"0500501000","municipalityName":"Bacacay","provinceCode":"05005","provinceName":"Albay"},"geometry":{"type":"Polygon","coordinates":[[[123.88794153000003,13.34343608100005],[123.89515042800008,13.336495454000044],[123.90119824300007,13.340739988000053],[123.89194076800004,13.323185703000036],[123.88288801200008,13.331880021000075],[123.88794153000003,13.34343608100005]]]}},{"type":"Feature","properties":{"code":"0500501049","name":"San Pablo","areaSqKm":2.29778105525,"municipalityCode":"0500501000","municipalityName":"Bacacay","provinceCode":"05005","provinceName":"Albay"},"geometry":{"type":"Polygon","coordinates":[[[123.90078904200004,13.340866697000024],[123.91082699800006,13.329816852000022],[123.89194076800004,13.323185703000036],[123.90078904200004,13.340866697000024]]]}},{"type":"Feature","properties":{"code":"0500501050","name":"San Pedro","areaSqKm":1.91447622889,"municipalityCode":"0500501000","municipalityName":"Bacacay","provinceCode":"05005","provinceName":"Albay"},"geometry":{"type":"Polygon","coordinates":[[[123.80372333200012,13.284116978000043],[123.81781922200003,13.274848795000025],[123.8068483080001,13.265097233000063],[123.79766175600002,13.276214398000036],[123.80372333200012,13.284116978000043]]]}},{"type":"Feature","properties":{"code":"0500501051","name":"Sogod","areaSqKm":2.58155695935,"municipalityCode":"0500501000","municipalityName":"Bacacay","provinceCode":"05005","provinceName":"Albay"},"geometry":{"type":"Polygon","coordinates":[[[123.76658124800008,13.319236032000049],[123.77949434200002,13.311451802000022],[123.7632222100001,13.297000260000061],[123.75996351300012,13.301881997000066],[123.76658124800008,13.319236032000049]]]}},{"type":"Feature","properties":{"code":"0500501052","name":"Sula","areaSqKm":3.65373759414,"municipalityCode":"0500501000","municipalityName":"Bacacay","provinceCode":"05005","provinceName":"Albay"},"geometry":{"type":"MultiPolygon","coordinates":[[[[123.85428628200009,13.246816056000057],[123.86804803900009,13.239734850000048],[123.86833615000012,13.226290900000038],[123.84695790600006,13.24031194500003],[123.85428628200009,13.246816056000057]]],[[[123.87008073800007,13.249001762000034],[123.87982657600003,13.247754877000034],[123.87492749000012,13.230193891000056],[123.87406851500009,13.229958],[123.87008073800007,13.249001762000034]]]]}},{"type":"Feature","properties":{"code":"0500501053","name":"Tambilagao","areaSqKm":1.71923812839,"municipalityCode":"0500501000","municipalityName":"Bacacay","provinceCode":"05005","provinceName":"Albay"},"geometry":{"type":"Polygon","coordinates":[[[123.9170590110001,13.320221350000054],[123.92504431200007,13.316381351000075],[123.91801999200004,13.304818897000075],[123.9113400550001,13.309040308000021],[123.9170590110001,13.320221350000054]]]}},{"type":"Feature","properties":{"code":"0500501054","name":"Tambongon","areaSqKm":3.83405176378,"municipalityCode":"0500501000","municipalityName":"Bacacay","provinceCode":"05005","provinceName":"Albay"},"geometry":{"type":"Polygon","coordinates":[[[123.83326558600004,13.260167446000025],[123.84695790600006,13.24031194500003],[123.83193412600008,13.233511135000072],[123.82057891900001,13.240920439000035],[123.82799074400009,13.246050198000034],[123.82944688700002,13.23873661700003],[123.83247303200005,13.234199022000041],[123.82689911700004,13.251946907000047],[123.83326558600004,13.260167446000025]]]}},{"type":"Feature","properties":{"code":"0500501055","name":"Tanagan","areaSqKm":4.2914380729,"municipalityCode":"0500501000","municipalityName":"Bacacay","provinceCode":"05005","provinceName":"Albay"},"geometry":{"type":"Polygon","coordinates":[[[123.86104148900006,13.320948028000032],[123.87738752400003,13.303243012000053],[123.864101204,13.29717134200007],[123.851695016,13.301511582000046],[123.86104148900006,13.320948028000032]]]}},{"type":"Feature","properties":{"code":"0500501056","name":"Uson","areaSqKm":1.31273792469,"municipalityCode":"0500501000","municipalityName":"Bacacay","provinceCode":"05005","provinceName":"Albay"},"geometry":{"type":"Polygon","coordinates":[[[123.88434360500003,13.347595153000043],[123.88288801200008,13.331880021000075],[123.87753354200004,13.332198437000045],[123.8755810020001,13.339028342000063],[123.88434360500003,13.347595153000043]]]}},{"type":"Feature","properties":{"code":"0500501057","name":"Vinisitahan-Basud","areaSqKm":0.565299724116,"municipalityCode":"0500501000","municipalityName":"Bacacay","provinceCode":"05005","provinceName":"Albay"},"geometry":{"type":"Polygon","coordinates":[[[123.80314251200002,13.284415137000053],[123.79872411800011,13.274699130000045],[123.7954200050001,13.276009395000074],[123.79401715000006,13.28193843300005],[123.80314251200002,13.284415137000053]]]}},{"type":"Feature","properties":{"code":"0500501058","name":"Vinisitahan-Napao","areaSqKm":1.79574111947,"municipalityCode":"0500501000","municipalityName":"Bacacay","provinceCode":"05005","provinceName":"Albay"},"geometry":{"type":"Polygon","coordinates":[[[123.87571580400004,13.339782831000036],[123.87753354200004,13.332198437000045],[123.8679962430001,13.325599415000056],[123.85904742000002,13.338582898000027],[123.87571580400004,13.339782831000036]]]}},{"type":"Feature","properties":{"code":"0500502001","name":"Anoling","areaSqKm":4.48194226092,"municipalityCode":"0500502000","municipalityName":"Camalig","provinceCode":"05005","provinceName":"Albay"},"geometry":{"type":"Polygon","coordinates":[[[123.68355123800006,13.253206272000057],[123.67914769800007,13.193746623000038],[123.66923895100001,13.190681925000035],[123.66688151900007,13.205603711000037],[123.68355123800006,13.253206272000057]]]}},{"type":"Feature","properties":{"code":"0500502002","name":"Baligang","areaSqKm":5.16380755699,"municipalityCode":"0500502000","municipalityName":"Camalig","provinceCode":"05005","provinceName":"Albay"},"geometry":{"type":"Polygon","coordinates":[[[123.64378115900001,13.160684631000038],[123.65144419600006,13.142590552000058],[123.63768770600007,13.129154098000072],[123.62763325200001,13.136859496000056],[123.64378115900001,13.160684631000038]]]}},{"type":"Feature","properties":{"code":"0500502003","name":"Bantonan","areaSqKm":1.54537718105,"municipalityCode":"0500502000","municipalityName":"Camalig","provinceCode":"05005","provinceName":"Albay"},"geometry":{"type":"Polygon","coordinates":[[[123.6371951540001,13.154775932000064],[123.62763325200001,13.136859496000056],[123.61989651600004,13.139997237000046],[123.62961161200008,13.152321570000026],[123.6371951540001,13.154775932000064]]]}},{"type":"Feature","properties":{"code":"0500502046","name":"Barangay 1","areaSqKm":0.0761047880958,"municipalityCode":"0500502000","municipalityName":"Camalig","provinceCode":"05005","provinceName":"Albay"},"geometry":{"type":"Polygon","coordinates":[[[123.6553732960001,13.18629517000005],[123.65882725300003,13.18334870700005],[123.65344314900005,13.185514778000027],[123.6553732960001,13.18629517000005]]]}},{"type":"Feature","properties":{"code":"0500502047","name":"Barangay 2","areaSqKm":0.0911153056735,"municipalityCode":"0500502000","municipalityName":"Camalig","provinceCode":"05005","provinceName":"Albay"},"geometry":{"type":"Polygon","coordinates":[[[123.65374331100008,13.183440204000021],[123.65680899100005,13.183714423000026],[123.6552355980001,13.180580296000073],[123.65374331100008,13.183440204000021]]]}},{"type":"Feature","properties":{"code":"0500502048","name":"Barangay 3","areaSqKm":0.0853851821608,"municipalityCode":"0500502000","municipalityName":"Camalig","provinceCode":"05005","provinceName":"Albay"},"geometry":{"type":"Polygon","coordinates":[[[123.65162346200009,13.182790315000034],[123.6552355980001,13.180580296000073],[123.65434163800012,13.179784514000062],[123.65162346200009,13.182790315000034]]]}},{"type":"Feature","properties":{"code":"0500502049","name":"Barangay 4","areaSqKm":0.151540101918,"municipalityCode":"0500502000","municipalityName":"Camalig","provinceCode":"05005","provinceName":"Albay"},"geometry":{"type":"Polygon","coordinates":[[[123.65162346200009,13.182790315000034],[123.65495725800008,13.178064462000066],[123.64949332100002,13.18164771000005],[123.65162346200009,13.182790315000034]]]}},{"type":"Feature","properties":{"code":"0500502050","name":"Barangay 5","areaSqKm":0.0402743670254,"municipalityCode":"0500502000","municipalityName":"Camalig","provinceCode":"05005","provinceName":"Albay"},"geometry":{"type":"MultiPolygon","coordinates":[[[[123.65434163800012,13.179784514000062],[123.65495725800008,13.178064462000066],[123.65389576600012,13.179412470000045],[123.65434163800012,13.179784514000062]]],[[[123.65661431400008,13.179880360000027],[123.65468773700002,13.180089896000027],[123.65542527100001,13.180903899000043],[123.65661431400008,13.179880360000027]]]]}},{"type":"Feature","properties":{"code":"0500502051","name":"Barangay 6","areaSqKm":0.0173041153241,"municipalityCode":"0500502000","municipalityName":"Camalig","provinceCode":"05005","provinceName":"Albay"},"geometry":{"type":"Polygon","coordinates":[[[123.65567434700006,13.178004031000057],[123.65656233800007,13.178866201000062],[123.65641712400009,13.178409805000058],[123.65567434700006,13.178004031000057]]]}},{"type":"Feature","properties":{"code":"0500502052","name":"Barangay 7","areaSqKm":0.0871582045673,"municipalityCode":"0500502000","municipalityName":"Camalig","provinceCode":"05005","provinceName":"Albay"},"geometry":{"type":"Polygon","coordinates":[[[123.65542527100001,13.180903899000043],[123.658828061,13.183261107000021],[123.65661431400008,13.179880360000027],[123.65542527100001,13.180903899000043]]]}},{"type":"Feature","properties":{"code":"0500502004","name":"Bariw","areaSqKm":2.00587647524,"municipalityCode":"0500502000","municipalityName":"Camalig","provinceCode":"05005","provinceName":"Albay"},"geometry":{"type":"Polygon","coordinates":[[[123.62194197100007,13.176973023000073],[123.6310433000001,13.170890945000053],[123.62151474900008,13.157349787000044],[123.61386472000004,13.160676830000057],[123.62194197100007,13.176973023000073]]]}},{"type":"Feature","properties":{"code":"0500502006","name":"Binanderahan","areaSqKm":2.13079613709,"municipalityCode":"0500502000","municipalityName":"Camalig","provinceCode":"05005","provinceName":"Albay"},"geometry":{"type":"Polygon","coordinates":[[[123.61346031100004,13.104295970000067],[123.60672694900006,13.091707511000038],[123.59704684400003,13.10122829100004],[123.60859326100001,13.111505059000024],[123.61346031100004,13.104295970000067]]]}},{"type":"Feature","properties":{"code":"0500502007","name":"Binitayan","areaSqKm":0.768451644281,"municipalityCode":"0500502000","municipalityName":"Camalig","provinceCode":"05005","provinceName":"Albay"},"geometry":{"type":"Polygon","coordinates":[[[123.67226697400008,13.14028627600004],[123.67109639300008,13.128826315000026],[123.66234854100003,13.135147380000035],[123.67226697400008,13.14028627600004]]]}},{"type":"Feature","properties":{"code":"0500502009","name":"Bongabong","areaSqKm":2.36700704273,"municipalityCode":"0500502000","municipalityName":"Camalig","provinceCode":"05005","provinceName":"Albay"},"geometry":{"type":"Polygon","coordinates":[[[123.65253950800002,13.141413915000044],[123.65805396400003,13.135114066000028],[123.64325783800007,13.121392621000041],[123.63768770600007,13.129154098000072],[123.65253950800002,13.141413915000044]]]}},{"type":"Feature","properties":{"code":"0500502010","name":"Cabagñan","areaSqKm":1.36614217645,"municipalityCode":"0500502000","municipalityName":"Camalig","provinceCode":"05005","provinceName":"Albay"},"geometry":{"type":"Polygon","coordinates":[[[123.67940122300001,13.193175233000034],[123.67454826700009,13.181680672000027],[123.66394180700001,13.183729474000074],[123.67015986700005,13.19226757000007],[123.67940122300001,13.193175233000034]]]}},{"type":"Feature","properties":{"code":"0500502011","name":"Cabraran Pequeño","areaSqKm":2.44619472059,"municipalityCode":"0500502000","municipalityName":"Camalig","provinceCode":"05005","provinceName":"Albay"},"geometry":{"type":"Polygon","coordinates":[[[123.59128461900002,13.102599661000056],[123.60672694900006,13.091707511000038],[123.59911934600007,13.084272105000025],[123.587146834,13.093234426000038],[123.59128461900002,13.102599661000056]]]}},{"type":"Feature","properties":{"code":"0500502053","name":"Caguiba","areaSqKm":5.42851437484,"municipalityCode":"0500502000","municipalityName":"Camalig","provinceCode":"05005","provinceName":"Albay"},"geometry":{"type":"Polygon","coordinates":[[[123.63102501800006,13.134329320000063],[123.63768770600007,13.129154098000072],[123.61346031100004,13.104295970000067],[123.60577799000009,13.120816668000032],[123.63102501800006,13.134329320000063]]]}},{"type":"Feature","properties":{"code":"0500502012","name":"Calabidongan","areaSqKm":3.99944348325,"municipalityCode":"0500502000","municipalityName":"Camalig","provinceCode":"05005","provinceName":"Albay"},"geometry":{"type":"Polygon","coordinates":[[[123.64325783800007,13.121392621000041],[123.63520595700004,13.10573327800006],[123.61972516300011,13.106137728000022],[123.63485911900011,13.12848396000004],[123.64325783800007,13.121392621000041]]]}},{"type":"Feature","properties":{"code":"0500502013","name":"Comun","areaSqKm":1.59845792488,"municipalityCode":"0500502000","municipalityName":"Camalig","provinceCode":"05005","provinceName":"Albay"},"geometry":{"type":"Polygon","coordinates":[[[123.65526059600006,13.134007370000063],[123.6719992620001,13.127574724000056],[123.65236764600002,13.124631047000037],[123.65526059600006,13.134007370000063]]]}},{"type":"Feature","properties":{"code":"0500502014","name":"Cotmon","areaSqKm":6.01493835398,"municipalityCode":"0500502000","municipalityName":"Camalig","provinceCode":"05005","provinceName":"Albay"},"geometry":{"type":"Polygon","coordinates":[[[123.67154522700002,13.122741503000043],[123.66917962100001,13.107513100000062],[123.65992975000006,13.100878499000032],[123.64359322400003,13.10705157700005],[123.65039322900009,13.12740092000007],[123.67154522700002,13.122741503000043]]]}},{"type":"Feature","properties":{"code":"0500502015","name":"Del Rosario","areaSqKm":2.01684686512,"municipalityCode":"0500502000","municipalityName":"Camalig","provinceCode":"05005","provinceName":"Albay"},"geometry":{"type":"Polygon","coordinates":[[[123.66911913500007,13.105847796000035],[123.66750471300008,13.086751569000057],[123.65774451000004,13.086659250000025],[123.65992975000006,13.100878499000032],[123.66911913500007,13.105847796000035]]]}},{"type":"Feature","properties":{"code":"0500502016","name":"Gapo","areaSqKm":0.483892663681,"municipalityCode":"0500502000","municipalityName":"Camalig","provinceCode":"05005","provinceName":"Albay"},"geometry":{"type":"Polygon","coordinates":[[[123.66516991300011,13.184860436000065],[123.66199542200002,13.177499209000075],[123.65661431400008,13.179880360000027],[123.6587445890001,13.184277261000034],[123.66516991300011,13.184860436000065]]]}},{"type":"Feature","properties":{"code":"0500502017","name":"Gotob","areaSqKm":0.780388468366,"municipalityCode":"0500502000","municipalityName":"Camalig","provinceCode":"05005","provinceName":"Albay"},"geometry":{"type":"Polygon","coordinates":[[[123.64651801900004,13.157722528000022],[123.65478345000008,13.159206733000076],[123.65482217700003,13.15067134800006],[123.64651801900004,13.157722528000022]]]}},{"type":"Feature","properties":{"code":"0500502018","name":"Ilawod","areaSqKm":1.52255198779,"municipalityCode":"0500502000","municipalityName":"Camalig","provinceCode":"05005","provinceName":"Albay"},"geometry":{"type":"Polygon","coordinates":[[[123.64792512100007,13.18448697100007],[123.656227553,13.17552691800006],[123.65822650600012,13.171216568000034],[123.64141735800001,13.173894258000075],[123.64792512100007,13.18448697100007]]]}},{"type":"Feature","properties":{"code":"0500502019","name":"Iluluan","areaSqKm":3.10356521892,"municipalityCode":"0500502000","municipalityName":"Camalig","provinceCode":"05005","provinceName":"Albay"},"geometry":{"type":"Polygon","coordinates":[[[123.5992473020001,13.134298320000028],[123.6073101070001,13.114205413000036],[123.58595248900008,13.121416098000054],[123.5992473020001,13.134298320000028]]]}},{"type":"Feature","properties":{"code":"0500502021","name":"Libod","areaSqKm":3.67792078409,"municipalityCode":"0500502000","municipalityName":"Camalig","provinceCode":"05005","provinceName":"Albay"},"geometry":{"type":"Polygon","coordinates":[[[123.62889158900009,13.187680654000076],[123.64424457600012,13.186042861000033],[123.63695658200004,13.170295104000047],[123.62162215400008,13.173920359000022],[123.62889158900009,13.187680654000076]]]}},{"type":"Feature","properties":{"code":"0500502022","name":"Ligban","areaSqKm":1.18321844238,"municipalityCode":"0500502000","municipalityName":"Camalig","provinceCode":"05005","provinceName":"Albay"},"geometry":{"type":"Polygon","coordinates":[[[123.65612281200004,13.170250373000044],[123.65870021100011,13.16203734100003],[123.65478345000008,13.159206733000076],[123.6471733520001,13.169420736000063],[123.65612281200004,13.170250373000044]]]}},{"type":"Feature","properties":{"code":"0500502023","name":"Mabunga","areaSqKm":3.15732200589,"municipalityCode":"0500502000","municipalityName":"Camalig","provinceCode":"05005","provinceName":"Albay"},"geometry":{"type":"Polygon","coordinates":[[[123.62427055800003,13.078786516000036],[123.631712547,13.085156486000074],[123.63655235500005,13.068087921000028],[123.60989041300002,13.079497820000029],[123.6124645430001,13.09079563900002],[123.62427055800003,13.078786516000036]]]}},{"type":"Feature","properties":{"code":"0500502024","name":"Magogon","areaSqKm":2.54128319916,"municipalityCode":"0500502000","municipalityName":"Camalig","provinceCode":"05005","provinceName":"Albay"},"geometry":{"type":"Polygon","coordinates":[[[123.6772856770001,13.06995082900005],[123.67198975100007,13.058165422000059],[123.6558972790001,13.061309596000058],[123.67213807400003,13.07229652600006],[123.6772856770001,13.06995082900005]]]}},{"type":"Feature","properties":{"code":"0500502025","name":"Manawan","areaSqKm":4.69492898289,"municipalityCode":"0500502000","municipalityName":"Camalig","provinceCode":"05005","provinceName":"Albay"},"geometry":{"type":"Polygon","coordinates":[[[123.58533433000002,13.124300840000046],[123.5926006730001,13.11442370900005],[123.58599566100008,13.09104024000004],[123.56832217700003,13.10361885900005],[123.58533433000002,13.124300840000046]]]}},{"type":"Feature","properties":{"code":"0500502026","name":"Maninila","areaSqKm":2.20739174642,"municipalityCode":"0500502000","municipalityName":"Camalig","provinceCode":"05005","provinceName":"Albay"},"geometry":{"type":"Polygon","coordinates":[[[123.64359322400003,13.10705157700005],[123.66007875100001,13.094804690000046],[123.65319023000006,13.088619859000062],[123.64359322400003,13.10705157700005]]]}},{"type":"Feature","properties":{"code":"0500502027","name":"Mina","areaSqKm":1.73222578271,"municipalityCode":"0500502000","municipalityName":"Camalig","provinceCode":"05005","provinceName":"Albay"},"geometry":{"type":"Polygon","coordinates":[[[123.66844717100003,13.161513564000074],[123.66183861200011,13.149323999000046],[123.65482217700003,13.15067134800006],[123.65478345000008,13.159206733000076],[123.66844717100003,13.161513564000074]]]}},{"type":"Feature","properties":{"code":"0500502028","name":"Miti","areaSqKm":3.89304482513,"municipalityCode":"0500502000","municipalityName":"Camalig","provinceCode":"05005","provinceName":"Albay"},"geometry":{"type":"Polygon","coordinates":[[[123.6084896540001,13.142779807000068],[123.62763325200001,13.136859496000056],[123.60577799000009,13.120816668000032],[123.5992473020001,13.134298320000028],[123.6084896540001,13.142779807000068]]]}},{"type":"Feature","properties":{"code":"0500502029","name":"Palanog","areaSqKm":3.21910201465,"municipalityCode":"0500502000","municipalityName":"Camalig","provinceCode":"05005","provinceName":"Albay"},"geometry":{"type":"Polygon","coordinates":[[[123.61424957000008,13.160455272000036],[123.62850123200008,13.15026614200002],[123.61989651600004,13.139997237000046],[123.6075309680001,13.144639891000054],[123.61424957000008,13.160455272000036]]]}},{"type":"Feature","properties":{"code":"0500502030","name":"Panoypoy","areaSqKm":4.37624481495,"municipalityCode":"0500502000","municipalityName":"Camalig","provinceCode":"05005","provinceName":"Albay"},"geometry":{"type":"Polygon","coordinates":[[[123.66752936500006,13.084935549000022],[123.67213807400003,13.07229652600006],[123.64892802700001,13.066698805000044],[123.64902361800011,13.080236996000053],[123.66752936500006,13.084935549000022]]]}},{"type":"Feature","properties":{"code":"0500502031","name":"Pariaan","areaSqKm":1.89586141675,"municipalityCode":"0500502000","municipalityName":"Camalig","provinceCode":"05005","provinceName":"Albay"},"geometry":{"type":"Polygon","coordinates":[[[123.59492028700004,13.116694747000054],[123.60859326100001,13.111505059000024],[123.59704684400003,13.10122829100004],[123.59018382800002,13.10400564300005],[123.59492028700004,13.116694747000054]]]}},{"type":"Feature","properties":{"code":"0500502032","name":"Quinartilan","areaSqKm":3.75005084821,"municipalityCode":"0500502000","municipalityName":"Camalig","provinceCode":"05005","provinceName":"Albay"},"geometry":{"type":"Polygon","coordinates":[[[123.56860717200004,13.103577890000054],[123.58058442900006,13.092607074000057],[123.59026519500003,13.089643612000032],[123.55729847100008,13.083385818000068],[123.56860717200004,13.103577890000054]]]}},{"type":"Feature","properties":{"code":"0500502033","name":"Quirangay","areaSqKm":9.21358027895,"municipalityCode":"0500502000","municipalityName":"Camalig","provinceCode":"05005","provinceName":"Albay"},"geometry":{"type":"Polygon","coordinates":[[[123.68355123800006,13.253206272000057],[123.66718861200002,13.194744153000045],[123.64949332100002,13.18164771000005],[123.67304522400002,13.247920682000029],[123.68355123800006,13.253206272000057]]]}},{"type":"Feature","properties":{"code":"0500502034","name":"Quitinday","areaSqKm":3.46932878945,"municipalityCode":"0500502000","municipalityName":"Camalig","provinceCode":"05005","provinceName":"Albay"},"geometry":{"type":"Polygon","coordinates":[[[123.63269733100003,13.104846773000077],[123.61411734,13.092684550000058],[123.60989041300002,13.079497820000029],[123.59911934600007,13.084272105000025],[123.61346031100004,13.104295970000067],[123.63269733100003,13.104846773000077]]]}},{"type":"Feature","properties":{"code":"0500502035","name":"Salugan","areaSqKm":0.761097301531,"municipalityCode":"0500502000","municipalityName":"Camalig","provinceCode":"05005","provinceName":"Albay"},"geometry":{"type":"Polygon","coordinates":[[[123.66718861200002,13.194744153000045],[123.66516991300011,13.184860436000065],[123.65708986200002,13.185448118000068],[123.66718861200002,13.194744153000045]]]}},{"type":"Feature","properties":{"code":"0500502036","name":"Solong","areaSqKm":1.16712888791,"municipalityCode":"0500502000","municipalityName":"Camalig","provinceCode":"05005","provinceName":"Albay"},"geometry":{"type":"Polygon","coordinates":[[[123.65039322900009,13.12740092000007],[123.64359322400003,13.10705157700005],[123.63738766600011,13.110536865000029],[123.65039322900009,13.12740092000007]]]}},{"type":"Feature","properties":{"code":"0500502037","name":"Sua","areaSqKm":6.08363146513,"municipalityCode":"0500502000","municipalityName":"Camalig","provinceCode":"05005","provinceName":"Albay"},"geometry":{"type":"Polygon","coordinates":[[[123.67304522400002,13.247920682000029],[123.64792512100007,13.18448697100007],[123.637722445,13.185894467000026],[123.66389821000007,13.24297806100003],[123.67304522400002,13.247920682000029]]]}},{"type":"Feature","properties":{"code":"0500502038","name":"Sumlang","areaSqKm":1.17684329714,"municipalityCode":"0500502000","municipalityName":"Camalig","provinceCode":"05005","provinceName":"Albay"},"geometry":{"type":"Polygon","coordinates":[[[123.66199542200002,13.177499209000075],[123.6746347400001,13.17942836800006],[123.66576149700006,13.170611369000028],[123.66199542200002,13.177499209000075]]]}},{"type":"Feature","properties":{"code":"0500502039","name":"Tagaytay","areaSqKm":3.81919669035,"municipalityCode":"0500502000","municipalityName":"Camalig","provinceCode":"05005","provinceName":"Albay"},"geometry":{"type":"Polygon","coordinates":[[[123.6458686960001,13.173157610000032],[123.64651801900004,13.157722528000022],[123.64219255800003,13.16299104500007],[123.62850123200008,13.15026614200002],[123.62151474900008,13.157349787000044],[123.6310433000001,13.170890945000053],[123.6458686960001,13.173157610000032]]]}},{"type":"Feature","properties":{"code":"0500502040","name":"Tagoytoy","areaSqKm":1.82981479504,"municipalityCode":"0500502000","municipalityName":"Camalig","provinceCode":"05005","provinceName":"Albay"},"geometry":{"type":"Polygon","coordinates":[[[123.66878261400007,13.16011346700003],[123.66742401400006,13.138710572000036],[123.65482217700003,13.15067134800006],[123.66183861200011,13.149323999000046],[123.66878261400007,13.16011346700003]]]}},{"type":"Feature","properties":{"code":"0500502041","name":"Taladong","areaSqKm":1.63016030488,"municipalityCode":"0500502000","municipalityName":"Camalig","provinceCode":"05005","provinceName":"Albay"},"geometry":{"type":"Polygon","coordinates":[[[123.66557931200009,13.140097053000034],[123.65798793700003,13.135491974000047],[123.65064049000011,13.150381890000062],[123.65482217700003,13.15067134800006],[123.66557931200009,13.140097053000034]]]}},{"type":"Feature","properties":{"code":"0500502042","name":"Taloto","areaSqKm":3.93652661203,"municipalityCode":"0500502000","municipalityName":"Camalig","provinceCode":"05005","provinceName":"Albay"},"geometry":{"type":"Polygon","coordinates":[[[123.6556801590001,13.091928624000047],[123.65796955600001,13.086870782000062],[123.64679441700002,13.072974787000021],[123.64886710700011,13.06659884100003],[123.63655235500005,13.068087921000028],[123.631712547,13.085156486000074],[123.6556801590001,13.091928624000047]]]}},{"type":"Feature","properties":{"code":"0500502043","name":"Taplacon","areaSqKm":6.8090013336,"municipalityCode":"0500502000","municipalityName":"Camalig","provinceCode":"05005","provinceName":"Albay"},"geometry":{"type":"Polygon","coordinates":[[[123.6356365580001,13.108728343000053],[123.65298969900005,13.088647711000021],[123.62427055800003,13.078786516000036],[123.6124645430001,13.09079563900002],[123.6356365580001,13.108728343000053]]]}},{"type":"Feature","properties":{"code":"0500502044","name":"Tinago","areaSqKm":1.2428549501,"municipalityCode":"0500502000","municipalityName":"Camalig","provinceCode":"05005","provinceName":"Albay"},"geometry":{"type":"Polygon","coordinates":[[[123.65274477200012,13.177710080000054],[123.66576149700006,13.170611369000028],[123.65870021100011,13.16203734100003],[123.65274477200012,13.177710080000054]]]}},{"type":"Feature","properties":{"code":"0500502045","name":"Tumpa","areaSqKm":6.44310250574,"municipalityCode":"0500502000","municipalityName":"Camalig","provinceCode":"05005","provinceName":"Albay"},"geometry":{"type":"Polygon","coordinates":[[[123.66389821000007,13.24297806100003],[123.637722445,13.185894467000026],[123.62603401100012,13.188354472000071],[123.64420875100006,13.22484595900005],[123.66389821000007,13.24297806100003]]]}},{"type":"Feature","properties":{"code":"0500508001","name":"Abella","areaSqKm":18.3573187001,"municipalityCode":"0500508000","municipalityName":"City of Ligao","provinceCode":"05005","provinceName":"Albay"},"geometry":{"type":"Polygon","coordinates":[[[123.4268127360001,13.132460716000026],[123.44816267600004,13.121926786000074],[123.45764273400005,13.124710742000048],[123.46373104500003,13.111355726000056],[123.44160894900006,13.101357463000056],[123.38627153100003,13.10106457300003],[123.40360648400008,13.125846422000052],[123.4268127360001,13.132460716000026]]]}},{"type":"Feature","properties":{"code":"0500508002","name":"Allang","areaSqKm":6.24704263348,"municipalityCode":"0500508000","municipalityName":"City of Ligao","provinceCode":"05005","provinceName":"Albay"},"geometry":{"type":"Polygon","coordinates":[[[123.4563420830001,13.209069771000031],[123.4801894090001,13.20411060300006],[123.48669285300002,13.189888687000064],[123.47495006300005,13.183678558000054],[123.45276149100005,13.193874483000059],[123.4563420830001,13.209069771000031]]]}},{"type":"Feature","properties":{"code":"0500508003","name":"Amtic","areaSqKm":8.86339019375,"municipalityCode":"0500508000","municipalityName":"City of Ligao","provinceCode":"05005","provinceName":"Albay"},"geometry":{"type":"Polygon","coordinates":[[[123.59884972900011,13.31534361100006],[123.63508225400005,13.303763138000022],[123.63876215500011,13.294284525000023],[123.61709086400003,13.287283931000047],[123.59270951100007,13.307472182000026],[123.59884972900011,13.31534361100006]]]}},{"type":"Feature","properties":{"code":"0500508004","name":"Bacong","areaSqKm":5.02736869975,"municipalityCode":"0500508000","municipalityName":"City of Ligao","provinceCode":"05005","provinceName":"Albay"},"geometry":{"type":"Polygon","coordinates":[[[123.46532696700001,13.142807581000056],[123.45764273400005,13.124710742000048],[123.43862319800007,13.128207565000025],[123.44670772300003,13.14325376100004],[123.46532696700001,13.142807581000056]]]}},{"type":"Feature","properties":{"code":"0500508005","name":"Bagumbayan","areaSqKm":0.421764098964,"municipalityCode":"0500508000","municipalityName":"City of Ligao","provinceCode":"05005","provinceName":"Albay"},"geometry":{"type":"Polygon","coordinates":[[[123.54155071600007,13.252283961000046],[123.54020850100005,13.245430676000069],[123.5398888950001,13.240321380000069],[123.53589047700007,13.24365012100003],[123.54155071600007,13.252283961000046]]]}},{"type":"Feature","properties":{"code":"0500508006","name":"Balanac","areaSqKm":6.07231917249,"municipalityCode":"0500508000","municipalityName":"City of Ligao","provinceCode":"05005","provinceName":"Albay"},"geometry":{"type":"Polygon","coordinates":[[[123.480609565,13.142516159000024],[123.49234124800012,13.127879086000064],[123.47923415700006,13.113065478000067],[123.46341791600003,13.133977315000038],[123.46532696700001,13.142807581000056],[123.480609565,13.142516159000024]]]}},{"type":"Feature","properties":{"code":"0500508007","name":"Baligang","areaSqKm":8.62991797007,"municipalityCode":"0500508000","municipalityName":"City of Ligao","provinceCode":"05005","provinceName":"Albay"},"geometry":{"type":"Polygon","coordinates":[[[123.63876215500011,13.294284525000023],[123.68355123800006,13.253206272000057],[123.62802343700002,13.27528300800003],[123.625636041,13.286988522000058],[123.63876215500011,13.294284525000023]]]}},{"type":"Feature","properties":{"code":"0500508008","name":"Barayong","areaSqKm":4.03289522363,"municipalityCode":"0500508000","municipalityName":"City of Ligao","provinceCode":"05005","provinceName":"Albay"},"geometry":{"type":"Polygon","coordinates":[[[123.59115739000003,13.294690630000048],[123.56811896500005,13.26042387700005],[123.55743690000008,13.265112353000063],[123.58649171000002,13.299370200000055],[123.59115739000003,13.294690630000048]]]}},{"type":"Feature","properties":{"code":"0500508009","name":"Basag","areaSqKm":5.0838672209,"municipalityCode":"0500508000","municipalityName":"City of Ligao","provinceCode":"05005","provinceName":"Albay"},"geometry":{"type":"Polygon","coordinates":[[[123.59776657400005,13.28842740500005],[123.60968038400006,13.272416810000038],[123.62616659600008,13.272237607000022],[123.61137613200003,13.257613561000028],[123.60987292400011,13.265221717000031],[123.59624082900007,13.26368063600006],[123.59056519500007,13.270532486000036],[123.59776657400005,13.28842740500005]]]}},{"type":"Feature","properties":{"code":"0500508010","name":"Batang","areaSqKm":2.62528428132,"municipalityCode":"0500508000","municipalityName":"City of Ligao","provinceCode":"05005","provinceName":"Albay"},"geometry":{"type":"Polygon","coordinates":[[[123.57431020700005,13.260009682000032],[123.57926796000004,13.250859797000032],[123.5585147380001,13.245501583000078],[123.55913156600002,13.251537729000063],[123.57431020700005,13.260009682000032]]]}},{"type":"Feature","properties":{"code":"0500508011","name":"Bay","areaSqKm":0.795956419524,"municipalityCode":"0500508000","municipalityName":"City of Ligao","provinceCode":"05005","provinceName":"Albay"},"geometry":{"type":"Polygon","coordinates":[[[123.55913156600002,13.251537729000063],[123.56086207700002,13.243305986000053],[123.54888223700004,13.242376980000074],[123.55913156600002,13.251537729000063]]]}},{"type":"Feature","properties":{"code":"0500508012","name":"Binanowan","areaSqKm":3.52840054834,"municipalityCode":"0500508000","municipalityName":"City of Ligao","provinceCode":"05005","provinceName":"Albay"},"geometry":{"type":"Polygon","coordinates":[[[123.57943586300007,13.250839254000027],[123.59029977700004,13.247732020000058],[123.59949190300006,13.245561395000038],[123.58431338200012,13.231774173000076],[123.56997375300011,13.243075842000053],[123.57943586300007,13.250839254000027]]]}},{"type":"Feature","properties":{"code":"0500508013","name":"Binatagan","areaSqKm":1.59288416049,"municipalityCode":"0500508000","municipalityName":"City of Ligao","provinceCode":"05005","provinceName":"Albay"},"geometry":{"type":"Polygon","coordinates":[[[123.52023799300002,13.251101492000032],[123.53216768000004,13.238730424000039],[123.51591271100006,13.241980504000026],[123.52023799300002,13.251101492000032]]]}},{"type":"Feature","properties":{"code":"0500508014","name":"Bobonsuran","areaSqKm":1.003364091,"municipalityCode":"0500508000","municipalityName":"City of Ligao","provinceCode":"05005","provinceName":"Albay"},"geometry":{"type":"Polygon","coordinates":[[[123.51453502700008,13.24546156200006],[123.52096609800003,13.233982251000043],[123.51429371300003,13.232021536000047],[123.50876944200002,13.242412959000035],[123.51453502700008,13.24546156200006]]]}},{"type":"Feature","properties":{"code":"0500508015","name":"Bonga","areaSqKm":2.98980882916,"municipalityCode":"0500508000","municipalityName":"City of Ligao","provinceCode":"05005","provinceName":"Albay"},"geometry":{"type":"Polygon","coordinates":[[[123.54014057200004,13.235616545000028],[123.55160658500006,13.22430730000002],[123.56561310900008,13.214972385000067],[123.55447599500008,13.20969815500007],[123.54381450300002,13.217612219000046],[123.54014057200004,13.235616545000028]]]}},{"type":"Feature","properties":{"code":"0500508016","name":"Busac","areaSqKm":7.57849408145,"municipalityCode":"0500508000","municipalityName":"City of Ligao","provinceCode":"05005","provinceName":"Albay"},"geometry":{"type":"Polygon","coordinates":[[[123.50066816600008,13.183765969000035],[123.48660585900006,13.157622532000062],[123.47052562300007,13.162412363000044],[123.47495006300005,13.183678558000054],[123.49899618100005,13.194679189000055],[123.50066816600008,13.183765969000035]]]}},{"type":"Feature","properties":{"code":"0500508017","name":"Busay","areaSqKm":6.15742925992,"municipalityCode":"0500508000","municipalityName":"City of Ligao","provinceCode":"05005","provinceName":"Albay"},"geometry":{"type":"Polygon","coordinates":[[[123.59884972900011,13.31534361100006],[123.56967126000006,13.276683837000064],[123.54385643500007,13.274559499000077],[123.59884972900011,13.31534361100006]]]}},{"type":"Feature","properties":{"code":"0500508018","name":"Cabarian","areaSqKm":10.3926128065,"municipalityCode":"0500508000","municipalityName":"City of Ligao","provinceCode":"05005","provinceName":"Albay"},"geometry":{"type":"Polygon","coordinates":[[[123.33617483500007,13.037089970000068],[123.34601819800002,13.04790726300007],[123.35887803900005,13.024561644000073],[123.35852860600005,13.021469898000078],[123.32582611100008,13.00768064600004],[123.32118255700004,13.033101540000075],[123.33617483500007,13.037089970000068]]]}},{"type":"Feature","properties":{"code":"0500508019","name":"Calzada","areaSqKm":0.32261359406,"municipalityCode":"0500508000","municipalityName":"City of Ligao","provinceCode":"05005","provinceName":"Albay"},"geometry":{"type":"Polygon","coordinates":[[[123.54596490800009,13.241087324000034],[123.54173962000004,13.235984898000027],[123.53991286500002,13.240654079000024],[123.54596490800009,13.241087324000034]]]}},{"type":"Feature","properties":{"code":"0500508020","name":"Catburawan","areaSqKm":2.29699850199,"municipalityCode":"0500508000","municipalityName":"City of Ligao","provinceCode":"05005","provinceName":"Albay"},"geometry":{"type":"Polygon","coordinates":[[[123.32203033300004,13.025795220000077],[123.32582611100008,13.00768064600004],[123.32224854800006,13.005804620000049],[123.30802857600008,13.02391515100004],[123.32203033300004,13.025795220000077]]]}},{"type":"Feature","properties":{"code":"0500508021","name":"Cavasi","areaSqKm":1.11046128083,"municipalityCode":"0500508000","municipalityName":"City of Ligao","provinceCode":"05005","provinceName":"Albay"},"geometry":{"type":"Polygon","coordinates":[[[123.5192069200001,13.239333470000076],[123.52773024700002,13.225692989000038],[123.52485992100003,13.222970789000044],[123.51429371300003,13.232021536000047],[123.5192069200001,13.239333470000076]]]}},{"type":"Feature","properties":{"code":"0500508022","name":"Culliat","areaSqKm":2.02463184853,"municipalityCode":"0500508000","municipalityName":"City of Ligao","provinceCode":"05005","provinceName":"Albay"},"geometry":{"type":"Polygon","coordinates":[[[123.47236646800002,13.219370153000057],[123.4801894090001,13.20411060300006],[123.46180849900009,13.21134321900007],[123.47236646800002,13.219370153000057]]]}},{"type":"Feature","properties":{"code":"0500508023","name":"Dunao","areaSqKm":0.204182760077,"municipalityCode":"0500508000","municipalityName":"City of Ligao","provinceCode":"05005","provinceName":"Albay"},"geometry":{"type":"Polygon","coordinates":[[[123.53624120500001,13.23815460000003],[123.5398888950001,13.240321380000069],[123.54173962000004,13.235984898000027],[123.53624120500001,13.23815460000003]]]}},{"type":"Feature","properties":{"code":"0500508024","name":"Francia","areaSqKm":3.19390108613,"municipalityCode":"0500508000","municipalityName":"City of Ligao","provinceCode":"05005","provinceName":"Albay"},"geometry":{"type":"Polygon","coordinates":[[[123.45795719500006,13.173960211000065],[123.45682294500011,13.163972452000053],[123.43519694200006,13.156967608000059],[123.43099572900007,13.165131220000035],[123.45795719500006,13.173960211000065]]]}},{"type":"Feature","properties":{"code":"0500508025","name":"Guilid","areaSqKm":2.93425860076,"municipalityCode":"0500508000","municipalityName":"City of Ligao","provinceCode":"05005","provinceName":"Albay"},"geometry":{"type":"Polygon","coordinates":[[[123.53784213400002,13.266184643000031],[123.53818849100003,13.240803432000064],[123.52023799300002,13.251101492000032],[123.53784213400002,13.266184643000031]]]}},{"type":"Feature","properties":{"code":"0500508026","name":"Herrera","areaSqKm":5.3749654522,"municipalityCode":"0500508000","municipalityName":"City of Ligao","provinceCode":"05005","provinceName":"Albay"},"geometry":{"type":"Polygon","coordinates":[[[123.59776657400005,13.28842740500005],[123.58442706200003,13.261799118000056],[123.56841586000007,13.259948347000034],[123.59115739000003,13.294690630000048],[123.59776657400005,13.28842740500005]]]}},{"type":"Feature","properties":{"code":"0500508027","name":"Layon","areaSqKm":0.762990477866,"municipalityCode":"0500508000","municipalityName":"City of Ligao","provinceCode":"05005","provinceName":"Albay"},"geometry":{"type":"Polygon","coordinates":[[[123.56574891800005,13.24432157900003],[123.56385088500008,13.236748414000033],[123.5554952330001,13.241030934000037],[123.56574891800005,13.24432157900003]]]}},{"type":"Feature","properties":{"code":"0500508028","name":"Macalidong","areaSqKm":3.15011840103,"municipalityCode":"0500508000","municipalityName":"City of Ligao","provinceCode":"05005","provinceName":"Albay"},"geometry":{"type":"Polygon","coordinates":[[[123.51391251600012,13.22030866600005],[123.52290877500002,13.203663860000063],[123.51039298700005,13.197847972000034],[123.50744274600004,13.205797485000062],[123.51391251600012,13.22030866600005]]]}},{"type":"Feature","properties":{"code":"0500508029","name":"Mahaba","areaSqKm":3.96462200569,"municipalityCode":"0500508000","municipalityName":"City of Ligao","provinceCode":"05005","provinceName":"Albay"},"geometry":{"type":"Polygon","coordinates":[[[123.54385643500007,13.274559499000077],[123.56076077900002,13.267687458000069],[123.53879403000008,13.250974686000063],[123.54385643500007,13.274559499000077]]]}},{"type":"Feature","properties":{"code":"0500508030","name":"Malama","areaSqKm":9.2084298088,"municipalityCode":"0500508000","municipalityName":"City of Ligao","provinceCode":"05005","provinceName":"Albay"},"geometry":{"type":"Polygon","coordinates":[[[123.45968749400004,13.163711642000067],[123.48660585900006,13.157622532000062],[123.480609565,13.142516159000024],[123.43857358800005,13.145179234000068],[123.43816284200011,13.154564468000046],[123.45968749400004,13.163711642000067]]]}},{"type":"Feature","properties":{"code":"0500508031","name":"Maonon","areaSqKm":24.3087361027,"municipalityCode":"0500508000","municipalityName":"City of Ligao","provinceCode":"05005","provinceName":"Albay"},"geometry":{"type":"Polygon","coordinates":[[[123.38627153100003,13.10106457300003],[123.38837584500004,13.039120211000068],[123.37140083800011,13.036517934000074],[123.35882240700005,13.020588451000037],[123.34702873600008,13.058594787000061],[123.38627153100003,13.10106457300003]]]}},{"type":"Feature","properties":{"code":"0500508033","name":"Nabonton","areaSqKm":4.17530863083,"municipalityCode":"0500508000","municipalityName":"City of Ligao","provinceCode":"05005","provinceName":"Albay"},"geometry":{"type":"Polygon","coordinates":[[[123.60987292400011,13.265221717000031],[123.59949190300006,13.245561395000038],[123.57926796000004,13.250859797000032],[123.59624082900007,13.26368063600006],[123.60987292400011,13.265221717000031]]]}},{"type":"Feature","properties":{"code":"0500508032","name":"Nasisi","areaSqKm":1.82636339659,"municipalityCode":"0500508000","municipalityName":"City of Ligao","provinceCode":"05005","provinceName":"Albay"},"geometry":{"type":"Polygon","coordinates":[[[123.59588550100011,13.264562778000027],[123.58093870400012,13.254740255000058],[123.57343862400012,13.260140415000023],[123.59056519500007,13.270532486000036],[123.59588550100011,13.264562778000027]]]}},{"type":"Feature","properties":{"code":"0500508034","name":"Oma-oma","areaSqKm":5.99890217881,"municipalityCode":"0500508000","municipalityName":"City of Ligao","provinceCode":"05005","provinceName":"Albay"},"geometry":{"type":"Polygon","coordinates":[[[123.51705671900004,13.190569224000058],[123.51477000300008,13.177015427000072],[123.49971830200002,13.161276005000047],[123.49270040700003,13.175880911000036],[123.50066816600008,13.183765969000035],[123.49899618100005,13.194679189000055],[123.51039298700005,13.197847972000034],[123.51705671900004,13.190569224000058]]]}},{"type":"Feature","properties":{"code":"0500508035","name":"Palapas","areaSqKm":2.38333642891,"municipalityCode":"0500508000","municipalityName":"City of Ligao","provinceCode":"05005","provinceName":"Albay"},"geometry":{"type":"Polygon","coordinates":[[[123.47584234700003,13.119274967000024],[123.46373104500003,13.111355726000056],[123.45607974400002,13.123682459000065],[123.46360854600005,13.131148751000069],[123.47584234700003,13.119274967000024]]]}},{"type":"Feature","properties":{"code":"0500508036","name":"Pandan","areaSqKm":9.70570734514,"municipalityCode":"0500508000","municipalityName":"City of Ligao","provinceCode":"05005","provinceName":"Albay"},"geometry":{"type":"Polygon","coordinates":[[[123.54473507400007,13.228831659000036],[123.54255772600004,13.19201270700006],[123.52133501600008,13.171746592000034],[123.51379369900008,13.175481572000024],[123.51705671900004,13.190569224000058],[123.53651285700005,13.21001683000003],[123.52827252100008,13.226440590000038],[123.54473507400007,13.228831659000036]]]}},{"type":"Feature","properties":{"code":"0500508037","name":"Paulba","areaSqKm":6.84721654058,"municipalityCode":"0500508000","municipalityName":"City of Ligao","provinceCode":"05005","provinceName":"Albay"},"geometry":{"type":"Polygon","coordinates":[[[123.45819590100007,13.190359211000043],[123.47495006300005,13.183678558000054],[123.46296858700009,13.163406861000055],[123.45682294500011,13.163972452000053],[123.45779157800007,13.174091324000074],[123.43099572900007,13.165131220000035],[123.42660324000008,13.17204670700005],[123.43892516500011,13.173186630000032],[123.45819590100007,13.190359211000043]]]}},{"type":"Feature","properties":{"code":"0500508038","name":"Paulog","areaSqKm":4.70086447667,"municipalityCode":"0500508000","municipalityName":"City of Ligao","provinceCode":"05005","provinceName":"Albay"},"geometry":{"type":"Polygon","coordinates":[[[123.58431338200012,13.231774173000076],[123.5652105040001,13.217165023000064],[123.55514136900001,13.223456448000036],[123.56997375300011,13.243075842000053],[123.58431338200012,13.231774173000076]]]}},{"type":"Feature","properties":{"code":"0500508039","name":"Pinamaniquian","areaSqKm":2.86336595197,"municipalityCode":"0500508000","municipalityName":"City of Ligao","provinceCode":"05005","provinceName":"Albay"},"geometry":{"type":"Polygon","coordinates":[[[123.54715396100005,13.218480133000071],[123.55447599500008,13.20969815500007],[123.56561310900008,13.214972385000067],[123.54255772600004,13.19201270700006],[123.54715396100005,13.218480133000071]]]}},{"type":"Feature","properties":{"code":"0500508040","name":"Pinit","areaSqKm":2.47871348475,"municipalityCode":"0500508000","municipalityName":"City of Ligao","provinceCode":"05005","provinceName":"Albay"},"geometry":{"type":"Polygon","coordinates":[[[123.55167309300009,13.261837726000067],[123.57114121400002,13.25688748400006],[123.54727991200002,13.248962320000032],[123.55167309300009,13.261837726000067]]]}},{"type":"Feature","properties":{"code":"0500508042","name":"Ranao-ranao","areaSqKm":0.70940945521,"municipalityCode":"0500508000","municipalityName":"City of Ligao","provinceCode":"05005","provinceName":"Albay"},"geometry":{"type":"Polygon","coordinates":[[[123.51531556300006,13.227256018000048],[123.519328244,13.218332900000064],[123.51042617200005,13.220711665000067],[123.51531556300006,13.227256018000048]]]}},{"type":"Feature","properties":{"code":"0500508043","name":"San Vicente","areaSqKm":3.14342841425,"municipalityCode":"0500508000","municipalityName":"City of Ligao","provinceCode":"05005","provinceName":"Albay"},"geometry":{"type":"Polygon","coordinates":[[[123.43857358800005,13.145179234000068],[123.44670772300003,13.14325376100004],[123.43852787700007,13.12914627500004],[123.42014859300002,13.131094391000033],[123.43857358800005,13.145179234000068]]]}},{"type":"Feature","properties":{"code":"0500508044","name":"Santa Cruz","areaSqKm":1.12860502239,"municipalityCode":"0500508000","municipalityName":"City of Ligao","provinceCode":"05005","provinceName":"Albay"},"geometry":{"type":"Polygon","coordinates":[[[123.52999216600006,13.228715686000044],[123.53610926100009,13.240474606000078],[123.54473507400007,13.228831659000036],[123.52999216600006,13.228715686000044]]]}},{"type":"Feature","properties":{"code":"0500508045","name":"Tagpo","areaSqKm":0.330890998728,"municipalityCode":"0500508000","municipalityName":"City of Ligao","provinceCode":"05005","provinceName":"Albay"},"geometry":{"type":"Polygon","coordinates":[[[123.52390695400004,13.231936958000063],[123.53069186900007,13.228431392000061],[123.52783362900004,13.225618906000022],[123.52390695400004,13.231936958000063]]]}},{"type":"Feature","properties":{"code":"0500508046","name":"Tambo","areaSqKm":6.92144885956,"municipalityCode":"0500508000","municipalityName":"City of Ligao","provinceCode":"05005","provinceName":"Albay"},"geometry":{"type":"Polygon","coordinates":[[[123.59270951100007,13.307472182000026],[123.625636041,13.286988522000058],[123.62919603000012,13.275186097000073],[123.60669005400007,13.273270971000045],[123.58649171000002,13.299370200000055],[123.59270951100007,13.307472182000026]]]}},{"type":"Feature","properties":{"code":"0500508047","name":"Tandarura","areaSqKm":1.27720624942,"municipalityCode":"0500508000","municipalityName":"City of Ligao","provinceCode":"05005","provinceName":"Albay"},"geometry":{"type":"Polygon","coordinates":[[[123.47495006300005,13.183678558000054],[123.47052562300007,13.162412363000044],[123.46296858700009,13.163406861000055],[123.47495006300005,13.183678558000054]]]}},{"type":"Feature","properties":{"code":"0500508048","name":"Tastas","areaSqKm":4.38014929824,"municipalityCode":"0500508000","municipalityName":"City of Ligao","provinceCode":"05005","provinceName":"Albay"},"geometry":{"type":"Polygon","coordinates":[[[123.52783362900004,13.225618906000022],[123.53651285700005,13.21001683000003],[123.51705671900004,13.190569224000058],[123.51039298700005,13.197847972000034],[123.52290877500002,13.203663860000063],[123.519328244,13.218332900000064],[123.52783362900004,13.225618906000022]]]}},{"type":"Feature","properties":{"code":"0500508049","name":"Tinago","areaSqKm":1.27923836427,"municipalityCode":"0500508000","municipalityName":"City of Ligao","provinceCode":"05005","provinceName":"Albay"},"geometry":{"type":"Polygon","coordinates":[[[123.54614322400005,13.250913532000027],[123.55397513100002,13.249081201000024],[123.53991286500002,13.240654079000024],[123.54163775800009,13.252763831000038],[123.54983560000005,13.255427788000077],[123.54614322400005,13.250913532000027]]]}},{"type":"Feature","properties":{"code":"0500508050","name":"Tinampo","areaSqKm":3.16384977388,"municipalityCode":"0500508000","municipalityName":"City of Ligao","provinceCode":"05005","provinceName":"Albay"},"geometry":{"type":"Polygon","coordinates":[[[123.50876944200002,13.242412959000035],[123.51042617200005,13.220711665000067],[123.49224946200002,13.224283402000026],[123.50876944200002,13.242412959000035]]]}},{"type":"Feature","properties":{"code":"0500508051","name":"Tiongson","areaSqKm":4.44570233908,"municipalityCode":"0500508000","municipalityName":"City of Ligao","provinceCode":"05005","provinceName":"Albay"},"geometry":{"type":"Polygon","coordinates":[[[123.52133501600008,13.171746592000034],[123.51156992900007,13.144496381000067],[123.50873495400003,13.14415290100004],[123.50016554000001,13.164716850000048],[123.51379369900008,13.175481572000024],[123.52133501600008,13.171746592000034]]]}},{"type":"Feature","properties":{"code":"0500508052","name":"Tomolin","areaSqKm":1.01230425902,"municipalityCode":"0500508000","municipalityName":"City of Ligao","provinceCode":"05005","provinceName":"Albay"},"geometry":{"type":"Polygon","coordinates":[[[123.53216768000004,13.238730424000039],[123.52999216600006,13.228715686000044],[123.52109139100003,13.23971179700004],[123.52591881700005,13.240747251000073],[123.53216768000004,13.238730424000039]]]}},{"type":"Feature","properties":{"code":"0500508053","name":"Tuburan","areaSqKm":2.38957289126,"municipalityCode":"0500508000","municipalityName":"City of Ligao","provinceCode":"05005","provinceName":"Albay"},"geometry":{"type":"Polygon","coordinates":[[[123.54888223700004,13.242376980000074],[123.56359496900006,13.236688944000036],[123.55514136900001,13.223456448000036],[123.5434870900001,13.236074193000036],[123.54888223700004,13.242376980000074]]]}},{"type":"Feature","properties":{"code":"0500508054","name":"Tula-tula Grande","areaSqKm":2.65183976276,"municipalityCode":"0500508000","municipalityName":"City of Ligao","provinceCode":"05005","provinceName":"Albay"},"geometry":{"type":"Polygon","coordinates":[[[123.4753242270001,13.218579125000076],[123.49491674500007,13.221651011000063],[123.4811344420001,13.202712546000043],[123.47112531300002,13.223517100000038],[123.4753242270001,13.218579125000076]]]}},{"type":"Feature","properties":{"code":"0500508055","name":"Tula-tula Pequeño","areaSqKm":7.38424696713,"municipalityCode":"0500508000","municipalityName":"City of Ligao","provinceCode":"05005","provinceName":"Albay"},"geometry":{"type":"Polygon","coordinates":[[[123.51042617200005,13.220711665000067],[123.51039298700005,13.197847972000034],[123.48669285300002,13.189888687000064],[123.48362660100008,13.207062282000038],[123.49491674500007,13.221651011000063],[123.51042617200005,13.220711665000067]]]}},{"type":"Feature","properties":{"code":"0500508056","name":"Tupas","areaSqKm":7.61794599562,"municipalityCode":"0500508000","municipalityName":"City of Ligao","provinceCode":"05005","provinceName":"Albay"},"geometry":{"type":"Polygon","coordinates":[[[123.49532542200006,13.164876848000063],[123.50873495400003,13.14415290100004],[123.49234124800012,13.127879086000064],[123.480609565,13.142516159000024],[123.4875908890001,13.165271623000024],[123.49532542200006,13.164876848000063]]]}},{"type":"Feature","properties":{"code":"0500517001","name":"Agnas","areaSqKm":1.34132198944,"municipalityCode":"0500517000","municipalityName":"City of Tabaco","provinceCode":"05005","provinceName":"Albay"},"geometry":{"type":"Polygon","coordinates":[[[123.79107921400009,13.390766924000047],[123.78771018200007,13.379984654000054],[123.779186535,13.384438911000075],[123.7842622610001,13.392351147000056],[123.79107921400009,13.390766924000047]]]}},{"type":"Feature","properties":{"code":"0500517002","name":"Bacolod","areaSqKm":0.0724029299276,"municipalityCode":"0500517000","municipalityName":"City of Tabaco","provinceCode":"05005","provinceName":"Albay"},"geometry":{"type":"Polygon","coordinates":[[[123.73123885000007,13.362626594000062],[123.73665516000005,13.362929164000036],[123.73133022500008,13.36204161300003],[123.73123885000007,13.362626594000062]]]}},{"type":"Feature","properties":{"code":"0500517003","name":"Bangkilingan","areaSqKm":0.688623896306,"municipalityCode":"0500517000","municipalityName":"City of Tabaco","provinceCode":"05005","provinceName":"Albay"},"geometry":{"type":"Polygon","coordinates":[[[123.71439193200001,13.360999676000063],[123.72314540800005,13.359020594000071],[123.7116537930001,13.354089952000038],[123.71439193200001,13.360999676000063]]]}},{"type":"Feature","properties":{"code":"0500517004","name":"Bantayan","areaSqKm":1.38524226074,"municipalityCode":"0500517000","municipalityName":"City of Tabaco","provinceCode":"05005","provinceName":"Albay"},"geometry":{"type":"Polygon","coordinates":[[[123.6585321980001,13.340898608000032],[123.66264676800006,13.335187845000064],[123.66402692800011,13.328331570000046],[123.64805671400006,13.332886495000025],[123.6585321980001,13.340898608000032]]]}},{"type":"Feature","properties":{"code":"0500517005","name":"Baranghawon","areaSqKm":0.805328211353,"municipalityCode":"0500517000","municipalityName":"City of Tabaco","provinceCode":"05005","provinceName":"Albay"},"geometry":{"type":"Polygon","coordinates":[[[123.72703078900008,13.356186660000049],[123.72659873900011,13.34789334100003],[123.71490162700002,13.346416112000043],[123.72206047200007,13.353825503000053],[123.72703078900008,13.356186660000049]]]}},{"type":"Feature","properties":{"code":"0500517006","name":"Basagan","areaSqKm":2.38568067417,"municipalityCode":"0500517000","municipalityName":"City of Tabaco","provinceCode":"05005","provinceName":"Albay"},"geometry":{"type":"Polygon","coordinates":[[[123.67568828700007,13.346013300000038],[123.68023647100006,13.335448300000053],[123.66469860000007,13.325688939000031],[123.66205426700003,13.33579953700007],[123.67568828700007,13.346013300000038]]]}},{"type":"Feature","properties":{"code":"0500517007","name":"Basud","areaSqKm":0.143818149032,"municipalityCode":"0500517000","municipalityName":"City of Tabaco","provinceCode":"05005","provinceName":"Albay"},"geometry":{"type":"Polygon","coordinates":[[[123.72703078900008,13.356186660000049],[123.73090489800006,13.353982838000036],[123.72657106400004,13.352932544000055],[123.72703078900008,13.356186660000049]]]}},{"type":"Feature","properties":{"code":"0500517008","name":"Bogñabong","areaSqKm":1.45044482603,"municipalityCode":"0500517000","municipalityName":"City of Tabaco","provinceCode":"05005","provinceName":"Albay"},"geometry":{"type":"Polygon","coordinates":[[[123.71490162700002,13.346416112000043],[123.71555167500003,13.33042054300006],[123.70760054700008,13.32936866600005],[123.71490162700002,13.346416112000043]]]}},{"type":"Feature","properties":{"code":"0500517009","name":"Bombon","areaSqKm":0.227073882938,"municipalityCode":"0500517000","municipalityName":"City of Tabaco","provinceCode":"05005","provinceName":"Albay"},"geometry":{"type":"Polygon","coordinates":[[[123.72628609000003,13.363871695000057],[123.72724781700003,13.359506815000032],[123.72303440400003,13.35919546200006],[123.72628609000003,13.363871695000057]]]}},{"type":"Feature","properties":{"code":"0500517010","name":"Bonot","areaSqKm":3.64139862033,"municipalityCode":"0500517000","municipalityName":"City of Tabaco","provinceCode":"05005","provinceName":"Albay"},"geometry":{"type":"Polygon","coordinates":[[[123.67267964500002,13.320419862000051],[123.6590305630001,13.30263012000006],[123.65106536600001,13.308664933000045],[123.6592301930001,13.32481795700005],[123.67267964500002,13.320419862000051]]]}},{"type":"Feature","properties":{"code":"0500517012","name":"Buang","areaSqKm":18.0458154198,"municipalityCode":"0500517000","municipalityName":"City of Tabaco","provinceCode":"05005","provinceName":"Albay"},"geometry":{"type":"Polygon","coordinates":[[[123.64002218200005,13.314291401000048],[123.69435359700003,13.278971305000027],[123.68355123800006,13.253206272000057],[123.6344442950001,13.298226663000037],[123.63051097900006,13.310534947000065],[123.64002218200005,13.314291401000048]]]}},{"type":"Feature","properties":{"code":"0500517013","name":"Buhian","areaSqKm":0.806122735998,"municipalityCode":"0500517000","municipalityName":"City of Tabaco","provinceCode":"05005","provinceName":"Albay"},"geometry":{"type":"Polygon","coordinates":[[[123.65201952600012,13.32669323600004],[123.66478175000009,13.325944785000047],[123.65386381000008,13.318783943000028],[123.65201952600012,13.32669323600004]]]}},{"type":"Feature","properties":{"code":"0500517014","name":"Cabagñan","areaSqKm":0.766903881066,"municipalityCode":"0500517000","municipalityName":"City of Tabaco","provinceCode":"05005","provinceName":"Albay"},"geometry":{"type":"Polygon","coordinates":[[[123.72185310700002,13.343518209000024],[123.72744712400004,13.33615506700005],[123.71751105900012,13.335612531000038],[123.72185310700002,13.343518209000024]]]}},{"type":"Feature","properties":{"code":"0500517015","name":"Cobo","areaSqKm":0.153281893997,"municipalityCode":"0500517000","municipalityName":"City of Tabaco","provinceCode":"05005","provinceName":"Albay"},"geometry":{"type":"Polygon","coordinates":[[[123.72601596000004,13.35182779300004],[123.73196627000004,13.349818003000053],[123.72688148500004,13.348741601000029],[123.72601596000004,13.35182779300004]]]}},{"type":"Feature","properties":{"code":"0500517016","name":"Comon","areaSqKm":5.700025684,"municipalityCode":"0500517000","municipalityName":"City of Tabaco","provinceCode":"05005","provinceName":"Albay"},"geometry":{"type":"Polygon","coordinates":[[[123.70762024600003,13.329130123000027],[123.69863011500001,13.286104042000034],[123.69435359700003,13.278971305000027],[123.68824197200001,13.297362643000042],[123.69463742700009,13.319329614000026],[123.70762024600003,13.329130123000027]]]}},{"type":"Feature","properties":{"code":"0500517017","name":"Cormidal","areaSqKm":0.152055500687,"municipalityCode":"0500517000","municipalityName":"City of Tabaco","provinceCode":"05005","provinceName":"Albay"},"geometry":{"type":"Polygon","coordinates":[[[123.73133022500008,13.36204161300003],[123.73757104300012,13.360803972000042],[123.73156362500004,13.359834094000064],[123.73133022500008,13.36204161300003]]]}},{"type":"Feature","properties":{"code":"0500517018","name":"Divino Rostro","areaSqKm":0.102191279492,"municipalityCode":"0500517000","municipalityName":"City of Tabaco","provinceCode":"05005","provinceName":"Albay"},"geometry":{"type":"Polygon","coordinates":[[[123.73003311800005,13.357526093000047],[123.73298766100004,13.354559143000074],[123.73090489800006,13.353982838000036],[123.73003311800005,13.357526093000047]]]}},{"type":"Feature","properties":{"code":"0500517019","name":"Fatima","areaSqKm":0.360300833057,"municipalityCode":"0500517000","municipalityName":"City of Tabaco","provinceCode":"05005","provinceName":"Albay"},"geometry":{"type":"Polygon","coordinates":[[[123.7332671050001,13.352774306000072],[123.73918107500003,13.348419139000043],[123.732144177,13.34920532700005],[123.7332671050001,13.352774306000072]]]}},{"type":"Feature","properties":{"code":"0500517020","name":"Guinobat","areaSqKm":0.818014972585,"municipalityCode":"0500517000","municipalityName":"City of Tabaco","provinceCode":"05005","provinceName":"Albay"},"geometry":{"type":"Polygon","coordinates":[[[123.7176401480001,13.355005018000043],[123.71490162700002,13.346416112000043],[123.70862927700011,13.349463577000051],[123.70925432100012,13.353093534000038],[123.7176401480001,13.355005018000043]]]}},{"type":"Feature","properties":{"code":"0500517021","name":"Hacienda","areaSqKm":17.1437627331,"municipalityCode":"0500517000","municipalityName":"City of Tabaco","provinceCode":"05005","provinceName":"Albay"},"geometry":{"type":"Polygon","coordinates":[[[123.80049271500002,13.39555602300004],[123.82216829800007,13.384219450000046],[123.82677084000011,13.367883475000042],[123.85153698500005,13.369851547000053],[123.83478499400007,13.343476199000065],[123.78771018200007,13.379984654000054],[123.80049271500002,13.39555602300004]]]}},{"type":"Feature","properties":{"code":"0500517022","name":"Magapo","areaSqKm":5.67506748584,"municipalityCode":"0500517000","municipalityName":"City of Tabaco","provinceCode":"05005","provinceName":"Albay"},"geometry":{"type":"Polygon","coordinates":[[[123.66801717100009,13.31406559900006],[123.68581459100005,13.308381624000049],[123.68928278300007,13.282009566000056],[123.6590305630001,13.30263012000006],[123.66801717100009,13.31406559900006]]]}},{"type":"Feature","properties":{"code":"0500517023","name":"Mariroc","areaSqKm":4.57638718401,"municipalityCode":"0500517000","municipalityName":"City of Tabaco","provinceCode":"05005","provinceName":"Albay"},"geometry":{"type":"Polygon","coordinates":[[[123.70935350900004,13.348898490000067],[123.71439849500007,13.344509069000026],[123.69463742700009,13.319329614000026],[123.68824197200001,13.297362643000042],[123.6867219290001,13.325452003000066],[123.70097119400009,13.331171065000035],[123.70935350900004,13.348898490000067]]]}},{"type":"Feature","properties":{"code":"0500517024","name":"Matagbac","areaSqKm":1.49185619919,"municipalityCode":"0500517000","municipalityName":"City of Tabaco","provinceCode":"05005","provinceName":"Albay"},"geometry":{"type":"Polygon","coordinates":[[[123.71534765700005,13.363549307000028],[123.71286741200004,13.35604614600004],[123.70492793200003,13.34590806600005],[123.70432890200004,13.35799479800005],[123.71534765700005,13.363549307000028]]]}},{"type":"Feature","properties":{"code":"0500517025","name":"Oras","areaSqKm":5.09085170438,"municipalityCode":"0500517000","municipalityName":"City of Tabaco","provinceCode":"05005","provinceName":"Albay"},"geometry":{"type":"Polygon","coordinates":[[[123.62072410000007,13.329359088000047],[123.63900168300006,13.32436209900004],[123.63176077900005,13.304920766000066],[123.61059969200005,13.312105760000065],[123.62072410000007,13.329359088000047]]]}},{"type":"Feature","properties":{"code":"0500517026","name":"Oson","areaSqKm":2.45725086125,"municipalityCode":"0500517000","municipalityName":"City of Tabaco","provinceCode":"05005","provinceName":"Albay"},"geometry":{"type":"Polygon","coordinates":[[[123.68659688000002,13.324796243000037],[123.68581459100005,13.308381624000049],[123.66801717100009,13.31406559900006],[123.67660060100002,13.32317180800004],[123.68659688000002,13.324796243000037]]]}},{"type":"Feature","properties":{"code":"0500517027","name":"Panal","areaSqKm":0.447635588067,"municipalityCode":"0500517000","municipalityName":"City of Tabaco","provinceCode":"05005","provinceName":"Albay"},"geometry":{"type":"Polygon","coordinates":[[[123.72617893400002,13.360256935000052],[123.7204481010001,13.352265567000074],[123.71698551000009,13.356046494000054],[123.72617893400002,13.360256935000052]]]}},{"type":"Feature","properties":{"code":"0500517029","name":"Pawa","areaSqKm":1.65015434463,"municipalityCode":"0500517000","municipalityName":"City of Tabaco","provinceCode":"05005","provinceName":"Albay"},"geometry":{"type":"MultiPolygon","coordinates":[[[[123.7270159520001,13.375541436000049],[123.73578582800008,13.368051520000051],[123.71601802400005,13.362562294000043],[123.71465644600005,13.364567011000076],[123.7270159520001,13.375541436000049]]],[[[123.73223409900004,13.379551354000057],[123.7421072840001,13.37111303000006],[123.73098397800004,13.378473335000024],[123.73223409900004,13.379551354000057]]]]}},{"type":"Feature","properties":{"code":"0500517030","name":"Pinagbobong","areaSqKm":3.35855080323,"municipalityCode":"0500517000","municipalityName":"City of Tabaco","provinceCode":"05005","provinceName":"Albay"},"geometry":{"type":"Polygon","coordinates":[[[123.70182692600008,13.35003617600006],[123.70224677100009,13.33290665800007],[123.6867219290001,13.325452003000066],[123.69325669900002,13.348458682000057],[123.70182692600008,13.35003617600006]]]}},{"type":"Feature","properties":{"code":"0500517031","name":"Quinale Cabasan","areaSqKm":0.169285702168,"municipalityCode":"0500517000","municipalityName":"City of Tabaco","provinceCode":"05005","provinceName":"Albay"},"geometry":{"type":"Polygon","coordinates":[[[123.73757104300012,13.360803972000042],[123.73003311800005,13.357526093000047],[123.72955463300002,13.359414751000031],[123.73757104300012,13.360803972000042]]]}},{"type":"Feature","properties":{"code":"0500517032","name":"Quinastillojan","areaSqKm":1.27664248971,"municipalityCode":"0500517000","municipalityName":"City of Tabaco","provinceCode":"05005","provinceName":"Albay"},"geometry":{"type":"Polygon","coordinates":[[[123.67266668900004,13.34860044900006],[123.67237633900004,13.341029628000058],[123.66205426700003,13.33579953700007],[123.6596297640001,13.339852889000042],[123.67266668900004,13.34860044900006]]]}},{"type":"Feature","properties":{"code":"0500517033","name":"Rawis","areaSqKm":0.513876519936,"municipalityCode":"0500517000","municipalityName":"City of Tabaco","provinceCode":"05005","provinceName":"Albay"},"geometry":{"type":"Polygon","coordinates":[[[123.76358755800004,13.403786504000038],[123.77127332700002,13.401581345000068],[123.77052976900006,13.395178157000032],[123.76358755800004,13.403786504000038]]]}},{"type":"Feature","properties":{"code":"0500517034","name":"Sagurong","areaSqKm":1.42360199036,"municipalityCode":"0500517000","municipalityName":"City of Tabaco","provinceCode":"05005","provinceName":"Albay"},"geometry":{"type":"Polygon","coordinates":[[[123.77916415000004,13.402488893000054],[123.79407459700008,13.398218444000065],[123.79314557900011,13.391087956000035],[123.77924346700001,13.394775443000071],[123.77916415000004,13.402488893000054]]]}},{"type":"Feature","properties":{"code":"0500517035","name":"Salvacion","areaSqKm":0.404234268397,"municipalityCode":"0500517000","municipalityName":"City of Tabaco","provinceCode":"05005","provinceName":"Albay"},"geometry":{"type":"Polygon","coordinates":[[[123.74018512200007,13.350062871000034],[123.74102034100008,13.34222343500005],[123.73310176700011,13.345485279000059],[123.732144177,13.34920532700005],[123.74018512200007,13.350062871000034]]]}},{"type":"Feature","properties":{"code":"0500517036","name":"San Antonio","areaSqKm":3.47373091859,"municipalityCode":"0500517000","municipalityName":"City of Tabaco","provinceCode":"05005","provinceName":"Albay"},"geometry":{"type":"Polygon","coordinates":[[[123.68968623700005,13.357829517000027],[123.69225443100004,13.342952720000028],[123.68004733100008,13.335198147000028],[123.67424861800009,13.349574626000049],[123.68968623700005,13.357829517000027]]]}},{"type":"Feature","properties":{"code":"0500517037","name":"San Carlos","areaSqKm":3.06180778615,"municipalityCode":"0500517000","municipalityName":"City of Tabaco","provinceCode":"05005","provinceName":"Albay"},"geometry":{"type":"Polygon","coordinates":[[[123.72808623500009,13.385403290000056],[123.73223409900004,13.379551354000057],[123.72714457300003,13.383677570000032],[123.72744093000006,13.375418054000022],[123.70541333200003,13.361099980000063],[123.70197209300011,13.36791459400007],[123.72808623500009,13.385403290000056]]]}},{"type":"Feature","properties":{"code":"0500517011","name":"San Isidro","areaSqKm":1.97412778421,"municipalityCode":"0500517000","municipalityName":"City of Tabaco","provinceCode":"05005","provinceName":"Albay"},"geometry":{"type":"Polygon","coordinates":[[[123.66801336000003,13.326224618000026],[123.68805356200005,13.335032738000052],[123.6867219290001,13.325452003000066],[123.67267964500002,13.320419862000051],[123.66801336000003,13.326224618000026]]]}},{"type":"Feature","properties":{"code":"0500517038","name":"San Juan","areaSqKm":0.118676846223,"municipalityCode":"0500517000","municipalityName":"City of Tabaco","provinceCode":"05005","provinceName":"Albay"},"geometry":{"type":"Polygon","coordinates":[[[123.72704987200007,13.35944816400007],[123.72990918900007,13.357994285000075],[123.72579131900011,13.35668982900006],[123.72704987200007,13.35944816400007]]]}},{"type":"Feature","properties":{"code":"0500517039","name":"San Lorenzo","areaSqKm":1.42238791272,"municipalityCode":"0500517000","municipalityName":"City of Tabaco","provinceCode":"05005","provinceName":"Albay"},"geometry":{"type":"Polygon","coordinates":[[[123.73360182800002,13.345490151000035],[123.74102034100008,13.34222343500005],[123.74140684500003,13.335053316000028],[123.72744712400004,13.33615506700005],[123.73360182800002,13.345490151000035]]]}},{"type":"Feature","properties":{"code":"0500517040","name":"San Ramon","areaSqKm":0.603692202339,"municipalityCode":"0500517000","municipalityName":"City of Tabaco","provinceCode":"05005","provinceName":"Albay"},"geometry":{"type":"Polygon","coordinates":[[[123.72688148500004,13.348741601000029],[123.72989663600003,13.34342115000004],[123.71955613900002,13.345587140000077],[123.72688148500004,13.348741601000029]]]}},{"type":"Feature","properties":{"code":"0500517041","name":"San Roque","areaSqKm":0.198539364012,"municipalityCode":"0500517000","municipalityName":"City of Tabaco","provinceCode":"05005","provinceName":"Albay"},"geometry":{"type":"Polygon","coordinates":[[[123.7348686470001,13.356743316000063],[123.737686757,13.353698662000056],[123.7332671050001,13.352774306000072],[123.7348686470001,13.356743316000063]]]}},{"type":"Feature","properties":{"code":"0500517042","name":"San Vicente","areaSqKm":2.0971008862,"municipalityCode":"0500517000","municipalityName":"City of Tabaco","provinceCode":"05005","provinceName":"Albay"},"geometry":{"type":"Polygon","coordinates":[[[123.70193258800009,13.367531644000053],[123.70646374800003,13.360347072000025],[123.69325669900002,13.348458682000057],[123.68687171300007,13.357722333000027],[123.70193258800009,13.367531644000053]]]}},{"type":"Feature","properties":{"code":"0500517044","name":"Santo Cristo","areaSqKm":0.129031518189,"municipalityCode":"0500517000","municipalityName":"City of Tabaco","provinceCode":"05005","provinceName":"Albay"},"geometry":{"type":"Polygon","coordinates":[[[123.73257414600005,13.358031727000025],[123.7387766710001,13.357708657000046],[123.73298766100004,13.354559143000074],[123.73257414600005,13.358031727000025]]]}},{"type":"Feature","properties":{"code":"0500517045","name":"Sua-Igot","areaSqKm":14.7826409821,"municipalityCode":"0500517000","municipalityName":"City of Tabaco","provinceCode":"05005","provinceName":"Albay"},"geometry":{"type":"Polygon","coordinates":[[[123.58652160100007,13.354990773000054],[123.62673538800004,13.348418022000033],[123.64178836300005,13.333136350000075],[123.61928846700005,13.329190682000046],[123.61059969200005,13.312105760000065],[123.59884972900011,13.31534361100006],[123.58652160100007,13.354990773000054]]]}},{"type":"Feature","properties":{"code":"0500517046","name":"Tabiguian","areaSqKm":3.86083127295,"municipalityCode":"0500517000","municipalityName":"City of Tabaco","provinceCode":"05005","provinceName":"Albay"},"geometry":{"type":"Polygon","coordinates":[[[123.65046804700012,13.333101932000034],[123.65386381000008,13.318783943000028],[123.65106536600001,13.308664933000045],[123.63619212200001,13.316030543000068],[123.63489446000006,13.326611812000067],[123.65046804700012,13.333101932000034]]]}},{"type":"Feature","properties":{"code":"0500517048","name":"Tagas","areaSqKm":0.199140637294,"municipalityCode":"0500517000","municipalityName":"City of Tabaco","provinceCode":"05005","provinceName":"Albay"},"geometry":{"type":"Polygon","coordinates":[[[123.7286586560001,13.353837963000046],[123.73308972300003,13.350953352000033],[123.72914565500002,13.349875277000024],[123.7286586560001,13.353837963000046]]]}},{"type":"Feature","properties":{"code":"0500517049","name":"Tayhi","areaSqKm":0.524479540812,"municipalityCode":"0500517000","municipalityName":"City of Tabaco","provinceCode":"05005","provinceName":"Albay"},"geometry":{"type":"MultiPolygon","coordinates":[[[[123.73123885000007,13.362626594000062],[123.72769727200011,13.364134259000025],[123.7380591210001,13.366229912000051],[123.73123885000007,13.362626594000062]]],[[[123.7421072840001,13.37111303000006],[123.74234367500003,13.367466917000058],[123.7389950160001,13.367189058000065],[123.7421072840001,13.37111303000006]]]]}},{"type":"Feature","properties":{"code":"0500517050","name":"Visita","areaSqKm":1.32429515712,"municipalityCode":"0500517000","municipalityName":"City of Tabaco","provinceCode":"05005","provinceName":"Albay"},"geometry":{"type":"Polygon","coordinates":[[[123.77131715000007,13.401538668000057],[123.7842622610001,13.392351147000056],[123.779186535,13.384438911000075],[123.77053043800004,13.395176322000054],[123.77131715000007,13.401538668000057]]]}},{"type":"Feature","properties":{"code":"0500503001","name":"Alcala","areaSqKm":1.46402103438,"municipalityCode":"0500503000","municipalityName":"Daraga (Locsin)","provinceCode":"05005","provinceName":"Albay"},"geometry":{"type":"Polygon","coordinates":[[[123.72043796900005,13.178754163000065],[123.71522221300006,13.170260506000034],[123.70715467200012,13.17117950900007],[123.70740186600005,13.178128169000047],[123.72043796900005,13.178754163000065]]]}},{"type":"Feature","properties":{"code":"0500503002","name":"Alobo","areaSqKm":2.46491542411,"municipalityCode":"0500503000","municipalityName":"Daraga (Locsin)","provinceCode":"05005","provinceName":"Albay"},"geometry":{"type":"Polygon","coordinates":[[[123.67267489400001,13.127420177000033],[123.68082605300003,13.125748378000026],[123.6796308380001,13.105209745000025],[123.66911913500007,13.105847796000035],[123.67267489400001,13.127420177000033]]]}},{"type":"Feature","properties":{"code":"0500503003","name":"Anislag","areaSqKm":6.33472128302,"municipalityCode":"0500503000","municipalityName":"Daraga (Locsin)","provinceCode":"05005","provinceName":"Albay"},"geometry":{"type":"Polygon","coordinates":[[[123.70929108500002,13.08365443300005],[123.71838184600006,13.064767290000077],[123.69428581500006,13.056795511000075],[123.68674396100005,13.066490077000026],[123.69219353000005,13.082090036000068],[123.70929108500002,13.08365443300005]]]}},{"type":"Feature","properties":{"code":"0500503004","name":"Bagumbayan","areaSqKm":0.375147086868,"municipalityCode":"0500503000","municipalityName":"Daraga (Locsin)","provinceCode":"05005","provinceName":"Albay"},"geometry":{"type":"Polygon","coordinates":[[[123.71499548600002,13.145591827000032],[123.71997593300011,13.142346197000052],[123.71958619800012,13.138550273000021],[123.7144830090001,13.138928449000048],[123.71499548600002,13.145591827000032]]]}},{"type":"Feature","properties":{"code":"0500503005","name":"Balinad","areaSqKm":1.67316588987,"municipalityCode":"0500503000","municipalityName":"Daraga (Locsin)","provinceCode":"05005","provinceName":"Albay"},"geometry":{"type":"Polygon","coordinates":[[[123.69478186800006,13.146790705000058],[123.70768282300003,13.137792097000045],[123.68950199000005,13.138905762000036],[123.69478186800006,13.146790705000058]]]}},{"type":"Feature","properties":{"code":"0500503006","name":"Bañadero","areaSqKm":1.6945030123,"municipalityCode":"0500503000","municipalityName":"Daraga (Locsin)","provinceCode":"05005","provinceName":"Albay"},"geometry":{"type":"Polygon","coordinates":[[[123.6985966310001,13.187241211000071],[123.70715467200012,13.17117950900007],[123.70323701000007,13.163697564000074],[123.6985966310001,13.187241211000071]]]}},{"type":"Feature","properties":{"code":"0500503007","name":"Bañag","areaSqKm":0.36777188998,"municipalityCode":"0500503000","municipalityName":"Daraga (Locsin)","provinceCode":"05005","provinceName":"Albay"},"geometry":{"type":"Polygon","coordinates":[[[123.70585478500004,13.155160809000051],[123.71297892700011,13.157112616000063],[123.71435289200008,13.15155812100005],[123.70585478500004,13.155160809000051]]]}},{"type":"Feature","properties":{"code":"0500503008","name":"Bascaran","areaSqKm":4.42747774808,"municipalityCode":"0500503000","municipalityName":"Daraga (Locsin)","provinceCode":"05005","provinceName":"Albay"},"geometry":{"type":"Polygon","coordinates":[[[123.69196770300005,13.117442001000029],[123.70892301000003,13.112811377000071],[123.70842009700004,13.103917998000043],[123.70416041700003,13.093968570000072],[123.69036147800011,13.093040015000042],[123.69196770300005,13.117442001000029]]]}},{"type":"Feature","properties":{"code":"0500503009","name":"Bigao","areaSqKm":4.72565893812,"municipalityCode":"0500503000","municipalityName":"Daraga (Locsin)","provinceCode":"05005","provinceName":"Albay"},"geometry":{"type":"Polygon","coordinates":[[[123.66503305900005,13.038007117000063],[123.69531934300005,13.040097701000036],[123.69728496200003,13.03323580700004],[123.66635885200003,13.023233534000042],[123.66503305900005,13.038007117000063]]]}},{"type":"Feature","properties":{"code":"0500503010","name":"Binitayan","areaSqKm":0.27748624084,"municipalityCode":"0500503000","municipalityName":"Daraga (Locsin)","provinceCode":"05005","provinceName":"Albay"},"geometry":{"type":"Polygon","coordinates":[[[123.71297892700011,13.157112616000063],[123.71727778500008,13.153588478000074],[123.71272582900008,13.154027318000033],[123.71297892700011,13.157112616000063]]]}},{"type":"Feature","properties":{"code":"0500503011","name":"Bongalon","areaSqKm":0.612634290269,"municipalityCode":"0500503000","municipalityName":"Daraga (Locsin)","provinceCode":"05005","provinceName":"Albay"},"geometry":{"type":"Polygon","coordinates":[[[123.69483704200002,13.15971651600006],[123.70160186700002,13.15463314300007],[123.69208901700006,13.153456036000023],[123.69483704200002,13.15971651600006]]]}},{"type":"Feature","properties":{"code":"0500503012","name":"Budiao","areaSqKm":1.90084091162,"municipalityCode":"0500503000","municipalityName":"Daraga (Locsin)","provinceCode":"05005","provinceName":"Albay"},"geometry":{"type":"Polygon","coordinates":[[[123.6985966310001,13.187241211000071],[123.69501215100001,13.169839479000075],[123.68575624300001,13.182196493000049],[123.6985966310001,13.187241211000071]]]}},{"type":"Feature","properties":{"code":"0500503013","name":"Burgos","areaSqKm":3.66876713706,"municipalityCode":"0500503000","municipalityName":"Daraga (Locsin)","provinceCode":"05005","provinceName":"Albay"},"geometry":{"type":"Polygon","coordinates":[[[123.69093471200006,13.117507315000069],[123.69128643200008,13.086270575000071],[123.67938396400007,13.085190995000062],[123.68066937100002,13.118080745000043],[123.69093471200006,13.117507315000069]]]}},{"type":"Feature","properties":{"code":"0500503014","name":"Busay","areaSqKm":1.32184134466,"municipalityCode":"0500503000","municipalityName":"Daraga (Locsin)","provinceCode":"05005","provinceName":"Albay"},"geometry":{"type":"Polygon","coordinates":[[[123.70038214100009,13.170230467000067],[123.70461642200007,13.161124889000064],[123.69404596600009,13.157506795000074],[123.690983232,13.16594327000007],[123.70038214100009,13.170230467000067]]]}},{"type":"Feature","properties":{"code":"0500503016","name":"Canarom","areaSqKm":2.7455278572,"municipalityCode":"0500503000","municipalityName":"Daraga (Locsin)","provinceCode":"05005","provinceName":"Albay"},"geometry":{"type":"Polygon","coordinates":[[[123.65648918500005,13.061344360000021],[123.67220198600012,13.060568474000036],[123.66888646300004,13.044915236000065],[123.65126609600009,13.043909574000054],[123.65648918500005,13.061344360000021]]]}},{"type":"Feature","properties":{"code":"0500503015","name":"Cullat","areaSqKm":0.357005516067,"municipalityCode":"0500503000","municipalityName":"Daraga (Locsin)","provinceCode":"05005","provinceName":"Albay"},"geometry":{"type":"Polygon","coordinates":[[[123.70094866800002,13.159886494000034],[123.70820431900006,13.158032311000056],[123.70160186700002,13.15463314300007],[123.70094866800002,13.159886494000034]]]}},{"type":"Feature","properties":{"code":"0500503017","name":"Dela Paz","areaSqKm":0.616027379324,"municipalityCode":"0500503000","municipalityName":"Daraga (Locsin)","provinceCode":"05005","provinceName":"Albay"},"geometry":{"type":"Polygon","coordinates":[[[123.68939308100005,13.138825334000046],[123.69492073000004,13.13179978200003],[123.68944046100012,13.12815136000006],[123.68939308100005,13.138825334000046]]]}},{"type":"Feature","properties":{"code":"0500503018","name":"Dinoronan","areaSqKm":0.912052102401,"municipalityCode":"0500503000","municipalityName":"Daraga (Locsin)","provinceCode":"05005","provinceName":"Albay"},"geometry":{"type":"Polygon","coordinates":[[[123.70227319700007,13.137212502000068],[123.69867461100011,13.125520419000054],[123.691542346,13.126703854000027],[123.69562320400007,13.138160794000044],[123.70227319700007,13.137212502000068]]]}},{"type":"Feature","properties":{"code":"0500503019","name":"Gabawan","areaSqKm":1.40582891692,"municipalityCode":"0500503000","municipalityName":"Daraga (Locsin)","provinceCode":"05005","provinceName":"Albay"},"geometry":{"type":"Polygon","coordinates":[[[123.70643124900005,13.113817425000036],[123.7162711420001,13.12458908700006],[123.7163887690001,13.110600816000044],[123.70643124900005,13.113817425000036]]]}},{"type":"Feature","properties":{"code":"0500503020","name":"Gapo","areaSqKm":3.05672958133,"municipalityCode":"0500503000","municipalityName":"Daraga (Locsin)","provinceCode":"05005","provinceName":"Albay"},"geometry":{"type":"Polygon","coordinates":[[[123.68490052700008,13.14239890400006],[123.6918735270001,13.141671960000053],[123.69196770300005,13.117442001000029],[123.68066937100002,13.118080745000043],[123.68490052700008,13.14239890400006]]]}},{"type":"Feature","properties":{"code":"0500503021","name":"Ibaugan","areaSqKm":4.43741179972,"municipalityCode":"0500503000","municipalityName":"Daraga (Locsin)","provinceCode":"05005","provinceName":"Albay"},"geometry":{"type":"Polygon","coordinates":[[[123.62288277200003,13.031500706000031],[123.64608871500002,13.026522572000033],[123.65000598900008,13.01932447300004],[123.62840243000005,13.010109658000033],[123.62002755300011,13.01961607000004],[123.62288277200003,13.031500706000031]]]}},{"type":"Feature","properties":{"code":"0500503022","name":"Ilawod Area Pob.","areaSqKm":0.134628172108,"municipalityCode":"0500503000","municipalityName":"Daraga (Locsin)","provinceCode":"05005","provinceName":"Albay"},"geometry":{"type":"Polygon","coordinates":[[[123.7126752480001,13.148152501000027],[123.71699350000006,13.145841618000077],[123.713807384,13.145437866000066],[123.7126752480001,13.148152501000027]]]}},{"type":"Feature","properties":{"code":"0500503023","name":"Inarado","areaSqKm":1.72190766188,"municipalityCode":"0500503000","municipalityName":"Daraga (Locsin)","provinceCode":"05005","provinceName":"Albay"},"geometry":{"type":"Polygon","coordinates":[[[123.67639807400008,13.143853273000047],[123.68215931300006,13.142672940000068],[123.68082605300003,13.125748378000026],[123.67109639300008,13.128826315000026],[123.67639807400008,13.143853273000047]]]}},{"type":"Feature","properties":{"code":"0500503024","name":"Kidaco","areaSqKm":1.24770317682,"municipalityCode":"0500503000","municipalityName":"Daraga (Locsin)","provinceCode":"05005","provinceName":"Albay"},"geometry":{"type":"Polygon","coordinates":[[[123.70585478500004,13.155160809000051],[123.70716723900011,13.145541197000057],[123.6945329450001,13.14710677100004],[123.6930543200001,13.152734138000028],[123.70585478500004,13.155160809000051]]]}},{"type":"Feature","properties":{"code":"0500503025","name":"Kilicao","areaSqKm":1.89225366687,"municipalityCode":"0500503000","municipalityName":"Daraga (Locsin)","provinceCode":"05005","provinceName":"Albay"},"geometry":{"type":"Polygon","coordinates":[[[123.72248984200007,13.174663769000063],[123.72914132200003,13.165393958000038],[123.71487122400003,13.157944625000027],[123.71171736400004,13.169250584000054],[123.72248984200007,13.174663769000063]]]}},{"type":"Feature","properties":{"code":"0500503026","name":"Kimantong","areaSqKm":0.261006602456,"municipalityCode":"0500503000","municipalityName":"Daraga (Locsin)","provinceCode":"05005","provinceName":"Albay"},"geometry":{"type":"Polygon","coordinates":[[[123.70716979600002,13.146961113000032],[123.71088514600001,13.144343389000028],[123.7115417870001,13.138805294000065],[123.70716979600002,13.146961113000032]]]}},{"type":"Feature","properties":{"code":"0500503027","name":"Kinawitan","areaSqKm":1.75238220944,"municipalityCode":"0500503000","municipalityName":"Daraga (Locsin)","provinceCode":"05005","provinceName":"Albay"},"geometry":{"type":"Polygon","coordinates":[[[123.66860967900004,13.09955658900003],[123.67921309700012,13.08145944000006],[123.66888543300001,13.078470313000025],[123.66860967900004,13.09955658900003]]]}},{"type":"Feature","properties":{"code":"0500503028","name":"Kiwalo","areaSqKm":1.05198168239,"municipalityCode":"0500503000","municipalityName":"Daraga (Locsin)","provinceCode":"05005","provinceName":"Albay"},"geometry":{"type":"Polygon","coordinates":[[[123.71476885600009,13.138994581000077],[123.72106165900004,13.131751474000055],[123.7162711420001,13.12458908700006],[123.71088249400009,13.12952492200003],[123.71476885600009,13.138994581000077]]]}},{"type":"Feature","properties":{"code":"0500503029","name":"Lacag","areaSqKm":4.19783115307,"municipalityCode":"0500503000","municipalityName":"Daraga (Locsin)","provinceCode":"05005","provinceName":"Albay"},"geometry":{"type":"Polygon","coordinates":[[[123.66844717100003,13.161513564000074],[123.6821180290001,13.163070387000062],[123.6918735270001,13.141671960000053],[123.67156202100011,13.143750295000075],[123.66844717100003,13.161513564000074]]]}},{"type":"Feature","properties":{"code":"0500503030","name":"Mabini","areaSqKm":2.0132101176,"municipalityCode":"0500503000","municipalityName":"Daraga (Locsin)","provinceCode":"05005","provinceName":"Albay"},"geometry":{"type":"Polygon","coordinates":[[[123.67345840200005,13.105562358000043],[123.68252704100007,13.096414826000057],[123.67938390600011,13.085190788000034],[123.66860967900004,13.09955658900003],[123.67345840200005,13.105562358000043]]]}},{"type":"Feature","properties":{"code":"0500503031","name":"Malabog","areaSqKm":2.05023721443,"municipalityCode":"0500503000","municipalityName":"Daraga (Locsin)","provinceCode":"05005","provinceName":"Albay"},"geometry":{"type":"Polygon","coordinates":[[[123.68852292300005,13.17689331400004],[123.690983232,13.16594327000007],[123.67308182800002,13.166289797000047],[123.67970710000009,13.173404008000034],[123.68852292300005,13.17689331400004]]]}},{"type":"Feature","properties":{"code":"0500503032","name":"Malobago","areaSqKm":1.27043328735,"municipalityCode":"0500503000","municipalityName":"Daraga (Locsin)","provinceCode":"05005","provinceName":"Albay"},"geometry":{"type":"Polygon","coordinates":[[[123.70737712300001,13.171165732000077],[123.71312589000001,13.168119037000054],[123.71435421500007,13.15749887100003],[123.704724929,13.160711478000053],[123.70737712300001,13.171165732000077]]]}},{"type":"Feature","properties":{"code":"0500503033","name":"Maopi","areaSqKm":4.27899399176,"municipalityCode":"0500503000","municipalityName":"Daraga (Locsin)","provinceCode":"05005","provinceName":"Albay"},"geometry":{"type":"Polygon","coordinates":[[[123.69219353000005,13.082090036000068],[123.68674396100005,13.066490077000026],[123.69428581500006,13.056795511000075],[123.67874799300012,13.057234612000059],[123.67938384000001,13.085190886000078],[123.69219353000005,13.082090036000068]]]}},{"type":"Feature","properties":{"code":"0500503034","name":"Market Area Pob.","areaSqKm":0.125480126238,"municipalityCode":"0500503000","municipalityName":"Daraga (Locsin)","provinceCode":"05005","provinceName":"Albay"},"geometry":{"type":"Polygon","coordinates":[[[123.71343395600002,13.148427860000027],[123.71697591200007,13.150453137000056],[123.71689297400007,13.148920060000023],[123.71343395600002,13.148427860000027]]]}},{"type":"Feature","properties":{"code":"0500503035","name":"Maroroy","areaSqKm":0.518874683476,"municipalityCode":"0500503000","municipalityName":"Daraga (Locsin)","provinceCode":"05005","provinceName":"Albay"},"geometry":{"type":"Polygon","coordinates":[[[123.71605843900011,13.153741215000025],[123.72742122500006,13.149855259000049],[123.71435289200008,13.15155812100005],[123.71605843900011,13.153741215000025]]]}},{"type":"Feature","properties":{"code":"0500503036","name":"Matnog","areaSqKm":1.07590735998,"municipalityCode":"0500503000","municipalityName":"Daraga (Locsin)","provinceCode":"05005","provinceName":"Albay"},"geometry":{"type":"Polygon","coordinates":[[[123.71411127300007,13.182070155000076],[123.70740186600005,13.178128169000047],[123.70399688000009,13.18955113800007],[123.71110905100011,13.192377771000054],[123.71411127300007,13.182070155000076]]]}},{"type":"Feature","properties":{"code":"0500503037","name":"Mayon","areaSqKm":3.25890586768,"municipalityCode":"0500503000","municipalityName":"Daraga (Locsin)","provinceCode":"05005","provinceName":"Albay"},"geometry":{"type":"Polygon","coordinates":[[[123.7186736760001,13.063444884000035],[123.72041504700007,13.055608247000066],[123.69740907000005,13.04777371800003],[123.69428581500006,13.056795511000075],[123.7186736760001,13.063444884000035]]]}},{"type":"Feature","properties":{"code":"0500503038","name":"Mi-isi","areaSqKm":17.1280454749,"municipalityCode":"0500503000","municipalityName":"Daraga (Locsin)","provinceCode":"05005","provinceName":"Albay"},"geometry":{"type":"MultiPolygon","coordinates":[[[[123.67963134900003,13.182827345000021],[123.68111305900004,13.180543220000061],[123.67885440700002,13.180551711000021],[123.67963134900003,13.182827345000021]]],[[[123.68766612400009,13.18289296200004],[123.67703728000004,13.208271793000051],[123.68355123800006,13.253206272000057],[123.70748397600005,13.214331728000047],[123.71110905100011,13.192377771000054],[123.68766612400009,13.18289296200004]]]]}},{"type":"Feature","properties":{"code":"0500503039","name":"Nabasan","areaSqKm":2.74856039988,"municipalityCode":"0500503000","municipalityName":"Daraga (Locsin)","provinceCode":"05005","provinceName":"Albay"},"geometry":{"type":"Polygon","coordinates":[[[123.65728095500003,13.037509551000028],[123.64608871500002,13.026522572000033],[123.63218084900006,13.029854899000043],[123.6546412990001,13.046179985000038],[123.65728095500003,13.037509551000028]]]}},{"type":"Feature","properties":{"code":"0500503040","name":"Namantao","areaSqKm":2.2994073534,"municipalityCode":"0500503000","municipalityName":"Daraga (Locsin)","provinceCode":"05005","provinceName":"Albay"},"geometry":{"type":"Polygon","coordinates":[[[123.70599459000005,13.094132258000059],[123.7092433250001,13.083784652000077],[123.69219353000005,13.082090036000068],[123.69036147800011,13.093040015000042],[123.70599459000005,13.094132258000059]]]}},{"type":"Feature","properties":{"code":"0500503041","name":"Pandan","areaSqKm":1.9021053695,"municipalityCode":"0500503000","municipalityName":"Daraga (Locsin)","provinceCode":"05005","provinceName":"Albay"},"geometry":{"type":"Polygon","coordinates":[[[123.69276633000004,13.160735927000076],[123.69559768800002,13.143986876000042],[123.69234563300006,13.141335340000069],[123.6821180290001,13.163070387000062],[123.69276633000004,13.160735927000076]]]}},{"type":"Feature","properties":{"code":"0500503042","name":"Peñafrancia","areaSqKm":1.90047386046,"municipalityCode":"0500503000","municipalityName":"Daraga (Locsin)","provinceCode":"05005","provinceName":"Albay"},"geometry":{"type":"Polygon","coordinates":[[[123.7115417870001,13.138805294000065],[123.70897631800005,13.122262725000041],[123.69867461100011,13.125520419000054],[123.70227319700007,13.137212502000068],[123.7115417870001,13.138805294000065]]]}},{"type":"Feature","properties":{"code":"0500503044","name":"Sagpon","areaSqKm":0.530777169584,"municipalityCode":"0500503000","municipalityName":"Daraga (Locsin)","provinceCode":"05005","provinceName":"Albay"},"geometry":{"type":"Polygon","coordinates":[[[123.71767551300002,13.15015683100006],[123.72716271600007,13.149778759000071],[123.72713856000007,13.14846159700005],[123.71975152200002,13.142313095000077],[123.71767551300002,13.15015683100006]]]}},{"type":"Feature","properties":{"code":"0500503045","name":"Salvacion","areaSqKm":3.09695277745,"municipalityCode":"0500503000","municipalityName":"Daraga (Locsin)","provinceCode":"05005","provinceName":"Albay"},"geometry":{"type":"Polygon","coordinates":[[[123.68126132100008,13.190547237000033],[123.688420027,13.177061081000033],[123.66844717100003,13.161513564000074],[123.66576149700006,13.170611369000028],[123.68126132100008,13.190547237000033]],[[123.68111305900004,13.180543220000061],[123.6789011080001,13.181889071000057],[123.67885440700002,13.180551711000021],[123.68111305900004,13.180543220000061]]]}},{"type":"Feature","properties":{"code":"0500503046","name":"San Rafael","areaSqKm":1.97030123693,"municipalityCode":"0500503000","municipalityName":"Daraga (Locsin)","provinceCode":"05005","provinceName":"Albay"},"geometry":{"type":"Polygon","coordinates":[[[123.67087257800006,13.04960974900007],[123.676622758,13.043324558000052],[123.65837598700011,13.033927427000037],[123.6546412990001,13.046179985000038],[123.67087257800006,13.04960974900007]]]}},{"type":"Feature","properties":{"code":"0500503047","name":"San Ramon","areaSqKm":4.9254166828,"municipalityCode":"0500503000","municipalityName":"Daraga (Locsin)","provinceCode":"05005","provinceName":"Albay"},"geometry":{"type":"Polygon","coordinates":[[[123.6772856770001,13.060238746000039],[123.69428581500006,13.056795511000075],[123.69531934300005,13.040097701000036],[123.67200694100006,13.045120905000033],[123.6772856770001,13.060238746000039]]]}},{"type":"Feature","properties":{"code":"0500503048","name":"San Roque","areaSqKm":0.316872673475,"municipalityCode":"0500503000","municipalityName":"Daraga (Locsin)","provinceCode":"05005","provinceName":"Albay"},"geometry":{"type":"Polygon","coordinates":[[[123.70866894500011,13.152040172000056],[123.71343395600002,13.148427860000027],[123.70716979600002,13.146961113000032],[123.70866894500011,13.152040172000056]]]}},{"type":"Feature","properties":{"code":"0500503049","name":"San Vicente Grande","areaSqKm":3.37144624323,"municipalityCode":"0500503000","municipalityName":"Daraga (Locsin)","provinceCode":"05005","provinceName":"Albay"},"geometry":{"type":"Polygon","coordinates":[[[123.66577328300002,13.035253665000027],[123.663476478,13.016715430000033],[123.65355373300008,13.01155370500004],[123.64608871500002,13.026522572000033],[123.66577328300002,13.035253665000027]]]}},{"type":"Feature","properties":{"code":"0500503050","name":"San Vicente Pequeño","areaSqKm":1.086985987,"municipalityCode":"0500503000","municipalityName":"Daraga (Locsin)","provinceCode":"05005","provinceName":"Albay"},"geometry":{"type":"Polygon","coordinates":[[[123.66781559900005,13.078804293000076],[123.67921309700012,13.08145944000006],[123.67958584000007,13.068939356000044],[123.66781559900005,13.078804293000076]]]}},{"type":"Feature","properties":{"code":"0500503051","name":"Sipi","areaSqKm":0.340792436908,"municipalityCode":"0500503000","municipalityName":"Daraga (Locsin)","provinceCode":"05005","provinceName":"Albay"},"geometry":{"type":"Polygon","coordinates":[[[123.71088514600001,13.144343389000028],[123.71521337700005,13.141464935000045],[123.71275763200003,13.137570948000075],[123.71088514600001,13.144343389000028]]]}},{"type":"Feature","properties":{"code":"0500503052","name":"Tabon-tabon","areaSqKm":1.75472700632,"municipalityCode":"0500503000","municipalityName":"Daraga (Locsin)","provinceCode":"05005","provinceName":"Albay"},"geometry":{"type":"Polygon","coordinates":[[[123.69867461100011,13.125520419000054],[123.70897631800005,13.122262725000041],[123.70643124900005,13.113817425000036],[123.69196770300005,13.117442001000029],[123.69867461100011,13.125520419000054]]]}},{"type":"Feature","properties":{"code":"0500503053","name":"Tagas","areaSqKm":1.05314815461,"municipalityCode":"0500503000","municipalityName":"Daraga (Locsin)","provinceCode":"05005","provinceName":"Albay"},"geometry":{"type":"Polygon","coordinates":[[[123.72133269500011,13.162656808000065],[123.72830442800011,13.153824092000036],[123.71772907200011,13.15358615200006],[123.72133269500011,13.162656808000065]]]}},{"type":"Feature","properties":{"code":"0500503054","name":"Talahib","areaSqKm":3.50977942529,"municipalityCode":"0500503000","municipalityName":"Daraga (Locsin)","provinceCode":"05005","provinceName":"Albay"},"geometry":{"type":"Polygon","coordinates":[[[123.71023385500007,13.11252900900007],[123.7163887690001,13.110600816000044],[123.71717857300007,13.073721190000072],[123.70361089700009,13.09512268800006],[123.71023385500007,13.11252900900007]]]}},{"type":"Feature","properties":{"code":"0500503055","name":"Villahermosa","areaSqKm":4.41934447758,"municipalityCode":"0500503000","municipalityName":"Daraga (Locsin)","provinceCode":"05005","provinceName":"Albay"},"geometry":{"type":"Polygon","coordinates":[[[123.72379858500005,13.041307884000048],[123.69728496200003,13.03323580700004],[123.69531934300005,13.040097701000036],[123.69740907000005,13.04777371800003],[123.72041504700007,13.055608247000066],[123.72379858500005,13.041307884000048]]]}},{"type":"Feature","properties":{"code":"0500504001","name":"Agpay","areaSqKm":6.1092583937,"municipalityCode":"0500504000","municipalityName":"Guinobatan","provinceCode":"05005","provinceName":"Albay"},"geometry":{"type":"Polygon","coordinates":[[[123.55092346900005,13.181959101000075],[123.5738022910001,13.147753429000034],[123.5528058540001,13.142360265000036],[123.55092346900005,13.181959101000075]]]}},{"type":"Feature","properties":{"code":"0500504002","name":"Balite","areaSqKm":2.69564149321,"municipalityCode":"0500504000","municipalityName":"Guinobatan","provinceCode":"05005","provinceName":"Albay"},"geometry":{"type":"Polygon","coordinates":[[[123.53262100300003,13.108371895000062],[123.54757789500002,13.09526584400004],[123.54791750800007,13.086217325000064],[123.52592557000003,13.095290120000072],[123.53262100300003,13.108371895000062]]]}},{"type":"Feature","properties":{"code":"0500504003","name":"Banao","areaSqKm":1.60366705262,"municipalityCode":"0500504000","municipalityName":"Guinobatan","provinceCode":"05005","provinceName":"Albay"},"geometry":{"type":"Polygon","coordinates":[[[123.57578341100009,13.223828058000038],[123.57488211100008,13.207611795000048],[123.5652105040001,13.217165023000064],[123.57578341100009,13.223828058000038]]]}},{"type":"Feature","properties":{"code":"0500504004","name":"Batbat","areaSqKm":12.2759376144,"municipalityCode":"0500504000","municipalityName":"Guinobatan","provinceCode":"05005","provinceName":"Albay"},"geometry":{"type":"Polygon","coordinates":[[[123.52211301200009,13.17123162200005],[123.534139761,13.123861325000064],[123.4860318750001,13.12162167200006],[123.51156992900007,13.144496381000067],[123.52211301200009,13.17123162200005]]]}},{"type":"Feature","properties":{"code":"0500504005","name":"Binogsacan Lower","areaSqKm":2.20799653235,"municipalityCode":"0500504000","municipalityName":"Guinobatan","provinceCode":"05005","provinceName":"Albay"},"geometry":{"type":"Polygon","coordinates":[[[123.58244669200008,13.21337709100004],[123.59276466600011,13.204054280000037],[123.58406214700005,13.189777832000061],[123.57488211100008,13.207611795000048],[123.58244669200008,13.21337709100004]]]}},{"type":"Feature","properties":{"code":"0500504049","name":"Binogsacan Upper","areaSqKm":4.53004945297,"municipalityCode":"0500504000","municipalityName":"Guinobatan","provinceCode":"05005","provinceName":"Albay"},"geometry":{"type":"Polygon","coordinates":[[[123.56814295600009,13.212420719000022],[123.58641497600001,13.187969215000066],[123.56918695200011,13.18155276300007],[123.564817306,13.207213056000057],[123.56814295600009,13.212420719000022]]]}},{"type":"Feature","properties":{"code":"0500504006","name":"Bololo","areaSqKm":10.0487729237,"municipalityCode":"0500504000","municipalityName":"Guinobatan","provinceCode":"05005","provinceName":"Albay"},"geometry":{"type":"Polygon","coordinates":[[[123.55440543700001,13.155760661000045],[123.5503229300001,13.137365450000061],[123.5329531320001,13.133976510000025],[123.52133501600008,13.171746592000034],[123.52804904400011,13.178276120000021],[123.55440543700001,13.155760661000045]]]}},{"type":"Feature","properties":{"code":"0500504007","name":"Bubulusan","areaSqKm":2.55427770123,"municipalityCode":"0500504000","municipalityName":"Guinobatan","provinceCode":"05005","provinceName":"Albay"},"geometry":{"type":"Polygon","coordinates":[[[123.60406245600007,13.231303885000045],[123.60502871400001,13.22253011600003],[123.59383146100004,13.214369679000072],[123.58643990300004,13.226028406000069],[123.60406245600007,13.231303885000045]]]}},{"type":"Feature","properties":{"code":"0500504009","name":"Calzada","areaSqKm":0.742681127218,"municipalityCode":"0500504000","municipalityName":"Guinobatan","provinceCode":"05005","provinceName":"Albay"},"geometry":{"type":"Polygon","coordinates":[[[123.58641497600001,13.187969215000066],[123.59898012500003,13.190279790000034],[123.5852497520001,13.185020187000077],[123.58641497600001,13.187969215000066]]]}},{"type":"Feature","properties":{"code":"0500504010","name":"Catomag","areaSqKm":5.62308672378,"municipalityCode":"0500504000","municipalityName":"Guinobatan","provinceCode":"05005","provinceName":"Albay"},"geometry":{"type":"Polygon","coordinates":[[[123.54255772600004,13.19201270700006],[123.5536361500001,13.172263432000022],[123.55440543700001,13.155760661000045],[123.52804904400011,13.178276120000021],[123.54255772600004,13.19201270700006]]]}},{"type":"Feature","properties":{"code":"0500504011","name":"Doña Mercedes","areaSqKm":5.19043125209,"municipalityCode":"0500504000","municipalityName":"Guinobatan","provinceCode":"05005","provinceName":"Albay"},"geometry":{"type":"Polygon","coordinates":[[[123.565424473,13.143567373000053],[123.5992473020001,13.134298320000028],[123.58119644600004,13.119455799000036],[123.565424473,13.143567373000053]]]}},{"type":"Feature","properties":{"code":"0500504012","name":"Doña Tomasa","areaSqKm":3.70589354669,"municipalityCode":"0500504000","municipalityName":"Guinobatan","provinceCode":"05005","provinceName":"Albay"},"geometry":{"type":"Polygon","coordinates":[[[123.63147101200002,13.249506817000054],[123.64375684900006,13.247061056000064],[123.60540771,13.223407434000023],[123.6070552110001,13.230623008000066],[123.63147101200002,13.249506817000054]]]}},{"type":"Feature","properties":{"code":"0500504013","name":"Ilawod","areaSqKm":0.242468987434,"municipalityCode":"0500504000","municipalityName":"Guinobatan","provinceCode":"05005","provinceName":"Albay"},"geometry":{"type":"Polygon","coordinates":[[[123.59438557600004,13.194017905000067],[123.60050915600004,13.193329402000074],[123.59705969400011,13.190751312000032],[123.59438557600004,13.194017905000067]]]}},{"type":"Feature","properties":{"code":"0500504015","name":"Inamnan Grande","areaSqKm":0.399081384687,"municipalityCode":"0500504000","municipalityName":"Guinobatan","provinceCode":"05005","provinceName":"Albay"},"geometry":{"type":"Polygon","coordinates":[[[123.59930101900011,13.190040986000042],[123.59502048900004,13.18358773600005],[123.58850157900008,13.182928876000062],[123.59391637300007,13.18735412600006],[123.59930101900011,13.190040986000042]]]}},{"type":"Feature","properties":{"code":"0500504014","name":"Inamnan Pequeño","areaSqKm":0.686673445987,"municipalityCode":"0500504000","municipalityName":"Guinobatan","provinceCode":"05005","provinceName":"Albay"},"geometry":{"type":"Polygon","coordinates":[[[123.60148854800002,13.188364301000036],[123.60278246500002,13.181676276000076],[123.59103586300012,13.178124568000044],[123.59502048900004,13.18358773600005],[123.60148854800002,13.188364301000036]]]}},{"type":"Feature","properties":{"code":"0500504016","name":"Inascan","areaSqKm":2.89979691946,"municipalityCode":"0500504000","municipalityName":"Guinobatan","provinceCode":"05005","provinceName":"Albay"},"geometry":{"type":"Polygon","coordinates":[[[123.58262698800002,13.228587187000073],[123.59383146100004,13.214369679000072],[123.59276466600011,13.204054280000037],[123.57467466600008,13.224975931000074],[123.58262698800002,13.228587187000073]]]}},{"type":"Feature","properties":{"code":"0500504017","name":"Iraya","areaSqKm":0.177170122102,"municipalityCode":"0500504000","municipalityName":"Guinobatan","provinceCode":"05005","provinceName":"Albay"},"geometry":{"type":"Polygon","coordinates":[[[123.6008607120001,13.18897382700004],[123.6056003330001,13.189058681000063],[123.60321212200006,13.18648403900005],[123.6008607120001,13.18897382700004]]]}},{"type":"Feature","properties":{"code":"0500504018","name":"Lomacao","areaSqKm":6.27931388627,"municipalityCode":"0500504000","municipalityName":"Guinobatan","provinceCode":"05005","provinceName":"Albay"},"geometry":{"type":"Polygon","coordinates":[[[123.56814295600009,13.212420719000022],[123.56918695200011,13.18155276300007],[123.55999353900006,13.176829519000023],[123.54255772600004,13.19201270700006],[123.56814295600009,13.212420719000022]]]}},{"type":"Feature","properties":{"code":"0500504021","name":"Maguiron","areaSqKm":1.43679764017,"municipalityCode":"0500504000","municipalityName":"Guinobatan","provinceCode":"05005","provinceName":"Albay"},"geometry":{"type":"Polygon","coordinates":[[[123.60360743700005,13.186884788000043],[123.61276277800005,13.183999147000065],[123.60107327900005,13.171797035000054],[123.59103586300012,13.178124568000044],[123.60360743700005,13.186884788000043]]]}},{"type":"Feature","properties":{"code":"0500504022","name":"Maipon","areaSqKm":3.27335463265,"municipalityCode":"0500504000","municipalityName":"Guinobatan","provinceCode":"05005","provinceName":"Albay"},"geometry":{"type":"Polygon","coordinates":[[[123.60553522900011,13.223363827000071],[123.61461639000004,13.209996706000027],[123.6076259570001,13.197553421000066],[123.59383146100004,13.214369679000072],[123.60553522900011,13.223363827000071]]]}},{"type":"Feature","properties":{"code":"0500504023","name":"Malabnig","areaSqKm":2.92711612085,"municipalityCode":"0500504000","municipalityName":"Guinobatan","provinceCode":"05005","provinceName":"Albay"},"geometry":{"type":"Polygon","coordinates":[[[123.56547452400002,13.176079094000045],[123.59502048900004,13.18358773600005],[123.58373406800001,13.173340592000045],[123.56547452400002,13.176079094000045]]]}},{"type":"Feature","properties":{"code":"0500504024","name":"Malipo","areaSqKm":4.32872806985,"municipalityCode":"0500504000","municipalityName":"Guinobatan","provinceCode":"05005","provinceName":"Albay"},"geometry":{"type":"Polygon","coordinates":[[[123.5528058540001,13.142360265000036],[123.5631890410001,13.123304889000053],[123.56798798500006,13.102839571000061],[123.55257171000005,13.107857067000054],[123.5528058540001,13.142360265000036]]]}},{"type":"Feature","properties":{"code":"0500504025","name":"Malobago","areaSqKm":5.80853988806,"municipalityCode":"0500504000","municipalityName":"Guinobatan","provinceCode":"05005","provinceName":"Albay"},"geometry":{"type":"Polygon","coordinates":[[[123.56634168200003,13.14213952600005],[123.58119644600004,13.119455799000036],[123.56798798500006,13.102839571000061],[123.5528058540001,13.142360265000036],[123.56634168200003,13.14213952600005]]]}},{"type":"Feature","properties":{"code":"0500504026","name":"Maninila","areaSqKm":2.38333802142,"municipalityCode":"0500504000","municipalityName":"Guinobatan","provinceCode":"05005","provinceName":"Albay"},"geometry":{"type":"Polygon","coordinates":[[[123.6271854800001,13.218296560000056],[123.63717638900005,13.21213227000004],[123.6301344100001,13.199917395000057],[123.61461639000004,13.209996706000027],[123.6271854800001,13.218296560000056]]]}},{"type":"Feature","properties":{"code":"0500504027","name":"Mapaco","areaSqKm":5.41634159118,"municipalityCode":"0500504000","municipalityName":"Guinobatan","provinceCode":"05005","provinceName":"Albay"},"geometry":{"type":"Polygon","coordinates":[[[123.59510550800007,13.174254820000044],[123.58690684300007,13.160754353000073],[123.5738022910001,13.147753429000034],[123.56547452400002,13.176079094000045],[123.59510550800007,13.174254820000044]]]}},{"type":"Feature","properties":{"code":"0500504008","name":"Marcial O. Rañola","areaSqKm":5.51494625166,"municipalityCode":"0500504000","municipalityName":"Guinobatan","provinceCode":"05005","provinceName":"Albay"},"geometry":{"type":"Polygon","coordinates":[[[123.51430731800008,13.122814676000075],[123.5199164600001,13.113263007000057],[123.51066712300008,13.102008391000027],[123.48503193700003,13.11620627700006],[123.4860318750001,13.12162167200006],[123.51430731800008,13.122814676000075]]]}},{"type":"Feature","properties":{"code":"0500504029","name":"Masarawag","areaSqKm":20.3883478074,"municipalityCode":"0500504000","municipalityName":"Guinobatan","provinceCode":"05005","provinceName":"Albay"},"geometry":{"type":"Polygon","coordinates":[[[123.6461787610001,13.268403103000026],[123.68355123800006,13.253206272000057],[123.66389821000007,13.24297806100003],[123.63717638900005,13.21213227000004],[123.62674094700003,13.218570381000063],[123.61461639000004,13.209996706000027],[123.608254772,13.215242085000057],[123.60540771,13.223407434000023],[123.64375684900006,13.247061056000064],[123.62806417800005,13.249937181000064],[123.6461787610001,13.268403103000026]]]}},{"type":"Feature","properties":{"code":"0500504030","name":"Mauraro","areaSqKm":8.13286390333,"municipalityCode":"0500504000","municipalityName":"Guinobatan","provinceCode":"05005","provinceName":"Albay"},"geometry":{"type":"Polygon","coordinates":[[[123.59510550800007,13.174254820000044],[123.60455557300008,13.165579047000051],[123.59587228700002,13.157373466000024],[123.6075309680001,13.144639891000054],[123.5992473020001,13.134298320000028],[123.5738022910001,13.147753429000034],[123.59510550800007,13.174254820000044]]]}},{"type":"Feature","properties":{"code":"0500504031","name":"Minto","areaSqKm":1.49450378037,"municipalityCode":"0500504000","municipalityName":"Guinobatan","provinceCode":"05005","provinceName":"Albay"},"geometry":{"type":"Polygon","coordinates":[[[123.6202917490001,13.18748731100004],[123.62065887400001,13.174496771000065],[123.60700445300006,13.178865235000046],[123.61259381000002,13.184562859000039],[123.6202917490001,13.18748731100004]]]}},{"type":"Feature","properties":{"code":"0500504032","name":"Morera","areaSqKm":1.17988270172,"municipalityCode":"0500504000","municipalityName":"Guinobatan","provinceCode":"05005","provinceName":"Albay"},"geometry":{"type":"Polygon","coordinates":[[[123.59307040100009,13.203514612000049],[123.59762701300008,13.196431362000055],[123.58641497600001,13.187969215000066],[123.58406214700005,13.189777832000061],[123.59307040100009,13.203514612000049]]]}},{"type":"Feature","properties":{"code":"0500504034","name":"Muladbucad Grande","areaSqKm":4.9496768128,"municipalityCode":"0500504000","municipalityName":"Guinobatan","provinceCode":"05005","provinceName":"Albay"},"geometry":{"type":"Polygon","coordinates":[[[123.59527915300009,13.241458219000037],[123.63389931000006,13.272967794000067],[123.60119759500003,13.232001956000033],[123.59527915300009,13.241458219000037]]]}},{"type":"Feature","properties":{"code":"0500504033","name":"Muladbucad Pequeño","areaSqKm":5.62275231572,"municipalityCode":"0500504000","municipalityName":"Guinobatan","provinceCode":"05005","provinceName":"Albay"},"geometry":{"type":"Polygon","coordinates":[[[123.63500281100005,13.27229112200007],[123.6461787610001,13.268403103000026],[123.60119759500003,13.232001956000033],[123.60511261400006,13.240053671000055],[123.63500281100005,13.27229112200007]]]}},{"type":"Feature","properties":{"code":"0500504035","name":"Ongo","areaSqKm":5.84154217882,"municipalityCode":"0500504000","municipalityName":"Guinobatan","provinceCode":"05005","provinceName":"Albay"},"geometry":{"type":"Polygon","coordinates":[[[123.52862401800007,13.121473328000036],[123.5317069670001,13.108376371000077],[123.51925221200008,13.08310773200003],[123.50839436700005,13.099640608000072],[123.5199164600001,13.113263007000057],[123.51430731800008,13.122814676000075],[123.52862401800007,13.121473328000036]]]}},{"type":"Feature","properties":{"code":"0500504036","name":"Palanas","areaSqKm":5.56660026166,"municipalityCode":"0500504000","municipalityName":"Guinobatan","provinceCode":"05005","provinceName":"Albay"},"geometry":{"type":"Polygon","coordinates":[[[123.53268558500008,13.108293803000038],[123.56798798500006,13.102839571000061],[123.55446359400003,13.078748634000021],[123.53268558500008,13.108293803000038]]]}},{"type":"Feature","properties":{"code":"0500504038","name":"Poblacion","areaSqKm":0.0986961518971,"municipalityCode":"0500504000","municipalityName":"Guinobatan","provinceCode":"05005","provinceName":"Albay"},"geometry":{"type":"Polygon","coordinates":[[[123.59842042600008,13.190757400000052],[123.60211646700009,13.191965367000023],[123.6008607120001,13.18897382700004],[123.59842042600008,13.190757400000052]]]}},{"type":"Feature","properties":{"code":"0500504040","name":"Pood","areaSqKm":3.88118509421,"municipalityCode":"0500504000","municipalityName":"Guinobatan","provinceCode":"05005","provinceName":"Albay"},"geometry":{"type":"Polygon","coordinates":[[[123.52592557000003,13.095290120000072],[123.54988327500007,13.086294764000058],[123.5547339950001,13.077287353000031],[123.54755992200012,13.068661860000077],[123.53272944200012,13.085097983000026],[123.52098117000003,13.084110501000055],[123.52592557000003,13.095290120000072]]]}},{"type":"Feature","properties":{"code":"0500504042","name":"Quibongbongan","areaSqKm":2.66686666265,"municipalityCode":"0500504000","municipalityName":"Guinobatan","provinceCode":"05005","provinceName":"Albay"},"geometry":{"type":"Polygon","coordinates":[[[123.60757651900008,13.167494590000047],[123.61587697700008,13.164732747000073],[123.6075309680001,13.144639891000054],[123.59587228700002,13.157373466000024],[123.60757651900008,13.167494590000047]]]}},{"type":"Feature","properties":{"code":"0500504041","name":"Quitago","areaSqKm":1.97844152998,"municipalityCode":"0500504000","municipalityName":"Guinobatan","provinceCode":"05005","provinceName":"Albay"},"geometry":{"type":"Polygon","coordinates":[[[123.60700445300006,13.178865235000046],[123.62065887400001,13.174496771000065],[123.61587697700008,13.164732747000073],[123.60107327900005,13.171797035000054],[123.60700445300006,13.178865235000046]]]}},{"type":"Feature","properties":{"code":"0500504043","name":"San Francisco","areaSqKm":0.615539169469,"municipalityCode":"0500504000","municipalityName":"Guinobatan","provinceCode":"05005","provinceName":"Albay"},"geometry":{"type":"Polygon","coordinates":[[[123.61466217600002,13.193927400000064],[123.60995569400006,13.185202066000045],[123.60360743700005,13.186884788000043],[123.6063897890001,13.191663488000074],[123.61466217600002,13.193927400000064]]]}},{"type":"Feature","properties":{"code":"0500504044","name":"San Jose","areaSqKm":1.6284723805,"municipalityCode":"0500504000","municipalityName":"Guinobatan","provinceCode":"05005","provinceName":"Albay"},"geometry":{"type":"Polygon","coordinates":[[[123.60119759500003,13.232001956000033],[123.58643990300004,13.226028406000069],[123.5815068070001,13.229319729000053],[123.59527915300009,13.241458219000037],[123.60119759500003,13.232001956000033]]]}},{"type":"Feature","properties":{"code":"0500504045","name":"San Rafael","areaSqKm":1.58519921985,"municipalityCode":"0500504000","municipalityName":"Guinobatan","provinceCode":"05005","provinceName":"Albay"},"geometry":{"type":"Polygon","coordinates":[[[123.59477170900004,13.20776723800003],[123.6096972260001,13.195925399000032],[123.61141032500007,13.194305980000024],[123.60211646700009,13.191965367000023],[123.59477170900004,13.20776723800003]]]}},{"type":"Feature","properties":{"code":"0500504046","name":"Sinungtan","areaSqKm":6.47337471403,"municipalityCode":"0500504000","municipalityName":"Guinobatan","provinceCode":"05005","provinceName":"Albay"},"geometry":{"type":"Polygon","coordinates":[[[123.5503229300001,13.137365450000061],[123.55257171000005,13.107857067000054],[123.52858091000007,13.109407281000074],[123.5329531320001,13.133976510000025],[123.5503229300001,13.137365450000061]]]}},{"type":"Feature","properties":{"code":"0500504047","name":"Tandarora","areaSqKm":3.37149958636,"municipalityCode":"0500504000","municipalityName":"Guinobatan","provinceCode":"05005","provinceName":"Albay"},"geometry":{"type":"Polygon","coordinates":[[[123.62401433100001,13.206689686000061],[123.6267995290001,13.190280680000058],[123.6076259570001,13.197553421000066],[123.61461639000004,13.209996706000027],[123.62401433100001,13.206689686000061]]]}},{"type":"Feature","properties":{"code":"0500504048","name":"Travesia","areaSqKm":1.03674216195,"municipalityCode":"0500504000","municipalityName":"Guinobatan","provinceCode":"05005","provinceName":"Albay"},"geometry":{"type":"Polygon","coordinates":[[[123.60995569400006,13.185202066000045],[123.6267995290001,13.190280680000058],[123.62461290700003,13.184107056000073],[123.60995569400006,13.185202066000045]]]}},{"type":"Feature","properties":{"code":"0500505025","name":"Aurora Pob.","areaSqKm":0.159276406023,"municipalityCode":"0500505000","municipalityName":"Jovellar","provinceCode":"05005","provinceName":"Albay"},"geometry":{"type":"Polygon","coordinates":[[[123.59924973800003,13.063122533000069],[123.6021193250001,13.067420514000048],[123.603002865,13.062921350000067],[123.59924973800003,13.063122533000069]]]}},{"type":"Feature","properties":{"code":"0500505003","name":"Bagacay","areaSqKm":3.73466822946,"municipalityCode":"0500505000","municipalityName":"Jovellar","provinceCode":"05005","provinceName":"Albay"},"geometry":{"type":"Polygon","coordinates":[[[123.59168507800007,13.073291168000026],[123.60308882200002,13.058263626000041],[123.5824896690001,13.05343520300005],[123.5816585980001,13.073348855000063],[123.59168507800007,13.073291168000026]]]}},{"type":"Feature","properties":{"code":"0500505011","name":"Bautista","areaSqKm":7.10202789718,"municipalityCode":"0500505000","municipalityName":"Jovellar","provinceCode":"05005","provinceName":"Albay"},"geometry":{"type":"Polygon","coordinates":[[[123.58246564700005,13.052679821000027],[123.59238092300006,13.022431426000026],[123.57895095600009,13.030415815000026],[123.55750328200008,13.025458909000065],[123.58246564700005,13.052679821000027]]]}},{"type":"Feature","properties":{"code":"0500505012","name":"Cabraran","areaSqKm":2.42982929156,"municipalityCode":"0500505000","municipalityName":"Jovellar","provinceCode":"05005","provinceName":"Albay"},"geometry":{"type":"Polygon","coordinates":[[[123.58319061200007,13.089321712000071],[123.59911934600007,13.084272105000025],[123.59165717400003,13.073380936000035],[123.5816585980001,13.073348855000063],[123.58319061200007,13.089321712000071]]]}},{"type":"Feature","properties":{"code":"0500505008","name":"Calzada Pob.","areaSqKm":0.15735231185,"municipalityCode":"0500505000","municipalityName":"Jovellar","provinceCode":"05005","provinceName":"Albay"},"geometry":{"type":"Polygon","coordinates":[[[123.59754894700006,13.077430183000047],[123.60168354900009,13.073671650000051],[123.59939679400009,13.071082287000024],[123.59754894700006,13.077430183000047]]]}},{"type":"Feature","properties":{"code":"0500505013","name":"Del Rosario","areaSqKm":3.68226357231,"municipalityCode":"0500505000","municipalityName":"Jovellar","provinceCode":"05005","provinceName":"Albay"},"geometry":{"type":"Polygon","coordinates":[[[123.63795646300002,13.036216543000023],[123.63012852700001,13.02813784500006],[123.6206238740001,13.030286801000045],[123.62025036800003,13.022980362000055],[123.6091488940001,13.022945698000058],[123.61079431100006,13.03446252200007],[123.63359543900003,13.04324497400006],[123.63795646300002,13.036216543000023]]]}},{"type":"Feature","properties":{"code":"0500505014","name":"Estrella","areaSqKm":5.1850232515,"municipalityCode":"0500505000","municipalityName":"Jovellar","provinceCode":"05005","provinceName":"Albay"},"geometry":{"type":"Polygon","coordinates":[[[123.53608733600004,13.053246009000077],[123.5395052340001,13.039572621000048],[123.54780306300006,13.037837188000026],[123.52438956700007,13.023219031000053],[123.51170109600002,13.032612550000067],[123.53608733600004,13.053246009000077]]]}},{"type":"Feature","properties":{"code":"0500505015","name":"Florista","areaSqKm":7.15341283979,"municipalityCode":"0500505000","municipalityName":"Jovellar","provinceCode":"05005","provinceName":"Albay"},"geometry":{"type":"Polygon","coordinates":[[[123.6530896920001,13.065073109000025],[123.65378344300007,13.041287303000047],[123.63795646300002,13.036216543000023],[123.624602,13.060354310000037],[123.6530896920001,13.065073109000025]]]}},{"type":"Feature","properties":{"code":"0500505005","name":"Mabini Pob.","areaSqKm":0.10107729699,"municipalityCode":"0500505000","municipalityName":"Jovellar","provinceCode":"05005","provinceName":"Albay"},"geometry":{"type":"Polygon","coordinates":[[[123.596817052,13.06969076200005],[123.60053643700007,13.067400934000034],[123.596422286,13.068332604000034],[123.596817052,13.06969076200005]]]}},{"type":"Feature","properties":{"code":"0500505007","name":"Magsaysay Pob","areaSqKm":0.0212651402519,"municipalityCode":"0500505000","municipalityName":"Jovellar","provinceCode":"05005","provinceName":"Albay"},"geometry":{"type":"Polygon","coordinates":[[[123.60013737000008,13.06969715100007],[123.60164469400002,13.068729878000056],[123.60070804400004,13.068096955000044],[123.60013737000008,13.06969715100007]]]}},{"type":"Feature","properties":{"code":"0500505016","name":"Mamlad","areaSqKm":4.89556929275,"municipalityCode":"0500505000","municipalityName":"Jovellar","provinceCode":"05005","provinceName":"Albay"},"geometry":{"type":"Polygon","coordinates":[[[123.51170109600002,13.032612550000067],[123.52647569600003,13.015478446000031],[123.50589231100003,13.007606311000075],[123.49526658500008,13.020224150000047],[123.51170109600002,13.032612550000067]]]}},{"type":"Feature","properties":{"code":"0500505017","name":"Maogog","areaSqKm":8.23351533854,"municipalityCode":"0500505000","municipalityName":"Jovellar","provinceCode":"05005","provinceName":"Albay"},"geometry":{"type":"Polygon","coordinates":[[[123.58294432600007,13.086079219000055],[123.57975819,13.063430915000026],[123.54787790600005,13.063002665000056],[123.55729847100008,13.083385818000068],[123.58294432600007,13.086079219000055]]]}},{"type":"Feature","properties":{"code":"0500505018","name":"Mercado Pob.","areaSqKm":0.0170300125933,"municipalityCode":"0500505000","municipalityName":"Jovellar","provinceCode":"05005","provinceName":"Albay"},"geometry":{"type":"Polygon","coordinates":[[[123.60070804400004,13.068096955000044],[123.6021193250001,13.067420514000048],[123.60119087500004,13.067394369000056],[123.60070804400004,13.068096955000044]]]}},{"type":"Feature","properties":{"code":"0500505006","name":"Plaza Pob.","areaSqKm":0.0523019304763,"municipalityCode":"0500505000","municipalityName":"Jovellar","provinceCode":"05005","provinceName":"Albay"},"geometry":{"type":"Polygon","coordinates":[[[123.59939679400009,13.071082287000024],[123.60207322500003,13.070569333000037],[123.59970303700004,13.069470892000027],[123.59939679400009,13.071082287000024]]]}},{"type":"Feature","properties":{"code":"0500505009","name":"Quitinday Pob.","areaSqKm":0.849378562462,"municipalityCode":"0500505000","municipalityName":"Jovellar","provinceCode":"05005","provinceName":"Albay"},"geometry":{"type":"Polygon","coordinates":[[[123.60967754300009,13.079597628000045],[123.60168354900009,13.073671650000051],[123.59592719300008,13.079830077000054],[123.59911934600007,13.084272105000025],[123.60967754300009,13.079597628000045]]]}},{"type":"Feature","properties":{"code":"0500505004","name":"Rizal Pob.","areaSqKm":0.472333321266,"municipalityCode":"0500505000","municipalityName":"Jovellar","provinceCode":"05005","provinceName":"Albay"},"geometry":{"type":"Polygon","coordinates":[[[123.59168507800007,13.073291168000026],[123.59754894700006,13.077430183000047],[123.59939353300001,13.069951391000075],[123.59168507800007,13.073291168000026]]]}},{"type":"Feature","properties":{"code":"0500505019","name":"Salvacion","areaSqKm":2.98125309428,"municipalityCode":"0500505000","municipalityName":"Jovellar","provinceCode":"05005","provinceName":"Albay"},"geometry":{"type":"Polygon","coordinates":[[[123.62353183400012,13.073978472000022],[123.64226459600002,13.066088681000053],[123.61656601900006,13.053113196000027],[123.6157390730001,13.060164474000032],[123.62353183400012,13.073978472000022]]]}},{"type":"Feature","properties":{"code":"0500505020","name":"San Isidro","areaSqKm":4.82647687144,"municipalityCode":"0500505000","municipalityName":"Jovellar","provinceCode":"05005","provinceName":"Albay"},"geometry":{"type":"Polygon","coordinates":[[[123.60829133400011,13.066332227000032],[123.61656601900006,13.053113196000027],[123.62462850100007,13.05924750400004],[123.63359543900003,13.04324497400006],[123.61079431100006,13.03446252200007],[123.60829133400011,13.066332227000032]]]}},{"type":"Feature","properties":{"code":"0500505021","name":"San Roque","areaSqKm":9.82022085758,"municipalityCode":"0500505000","municipalityName":"Jovellar","provinceCode":"05005","provinceName":"Albay"},"geometry":{"type":"Polygon","coordinates":[[[123.61312112100006,13.049383222000074],[123.6091488940001,13.022945698000058],[123.59238092300006,13.022431426000026],[123.5824896690001,13.05343520300005],[123.60507658900008,13.063601730000073],[123.61312112100006,13.049383222000074]]]}},{"type":"Feature","properties":{"code":"0500505022","name":"San Vicente","areaSqKm":7.27404951889,"municipalityCode":"0500505000","municipalityName":"Jovellar","provinceCode":"05005","provinceName":"Albay"},"geometry":{"type":"Polygon","coordinates":[[[123.57450368900004,13.064608053000029],[123.58287759300003,13.063222144000065],[123.58232111000007,13.052915264000035],[123.5516692440001,13.030022686000052],[123.55228883400002,13.047297998000033],[123.57450368900004,13.064608053000029]]]}},{"type":"Feature","properties":{"code":"0500505023","name":"Sinagaran","areaSqKm":4.02812299601,"municipalityCode":"0500505000","municipalityName":"Jovellar","provinceCode":"05005","provinceName":"Albay"},"geometry":{"type":"Polygon","coordinates":[[[123.54855675200008,13.036945686000024],[123.5573562840001,13.025738002000026],[123.52647569600003,13.015478446000031],[123.52438956700007,13.023219031000053],[123.54855675200008,13.036945686000024]]]}},{"type":"Feature","properties":{"code":"0500505024","name":"Villa Paz","areaSqKm":4.35238345397,"municipalityCode":"0500505000","municipalityName":"Jovellar","provinceCode":"05005","provinceName":"Albay"},"geometry":{"type":"Polygon","coordinates":[[[123.56106129900002,13.062654080000073],[123.54867139300006,13.038363098000048],[123.53975203300001,13.03926806000004],[123.53733503300009,13.055445852000048],[123.56106129900002,13.062654080000073]]]}},{"type":"Feature","properties":{"code":"0500505010","name":"White Deer Pob.","areaSqKm":3.05620283867,"municipalityCode":"0500505000","municipalityName":"Jovellar","provinceCode":"05005","provinceName":"Albay"},"geometry":{"type":"Polygon","coordinates":[[[123.62252900200008,13.07473378700007],[123.6157390730001,13.060164474000032],[123.60112492700011,13.064876854000033],[123.60989041300002,13.079497820000029],[123.62252900200008,13.07473378700007]]]}},{"type":"Feature","properties":{"code":"0500506005","name":"Bgy. 1 - Em's Barrio","areaSqKm":0.429407567275,"municipalityCode":"0500506000","municipalityName":"Legazpi City (Capital)","provinceCode":"05005","provinceName":"Albay"},"geometry":{"type":"Polygon","coordinates":[[[123.72349777500006,13.146010537000052],[123.73176557400006,13.147009886000035],[123.7271544890001,13.143126627000072],[123.72349777500006,13.146010537000052]]]}},{"type":"Feature","properties":{"code":"0500506016","name":"Bgy. 2 - Em's Barrio South","areaSqKm":0.362821309726,"municipalityCode":"0500506000","municipalityName":"Legazpi City (Capital)","provinceCode":"05005","provinceName":"Albay"},"geometry":{"type":"Polygon","coordinates":[[[123.71997593300011,13.142346197000052],[123.728858381,13.142042228000037],[123.71955540700003,13.139510260000066],[123.71997593300011,13.142346197000052]]]}},{"type":"Feature","properties":{"code":"0500506027","name":"Bgy. 3 - Em's Barrio East","areaSqKm":0.0863929084352,"municipalityCode":"0500506000","municipalityName":"Legazpi City (Capital)","provinceCode":"05005","provinceName":"Albay"},"geometry":{"type":"Polygon","coordinates":[[[123.73051374200008,13.146050758000058],[123.72934524300001,13.142184342000064],[123.7271544890001,13.143126627000072],[123.73051374200008,13.146050758000058]]]}},{"type":"Feature","properties":{"code":"0500506038","name":"Bgy. 4 - Sagpon Pob.","areaSqKm":0.112662001947,"municipalityCode":"0500506000","municipalityName":"Legazpi City (Capital)","provinceCode":"05005","provinceName":"Albay"},"geometry":{"type":"Polygon","coordinates":[[[123.72934524300001,13.142184342000064],[123.72993425900006,13.140429425000036],[123.72525227800008,13.141609150000022],[123.72934524300001,13.142184342000064]]]}},{"type":"Feature","properties":{"code":"0500506039","name":"Bgy. 5 - Sagmin Pob.","areaSqKm":0.0530438096014,"municipalityCode":"0500506000","municipalityName":"Legazpi City (Capital)","provinceCode":"05005","provinceName":"Albay"},"geometry":{"type":"Polygon","coordinates":[[[123.73168383600012,13.142159178000043],[123.73215605700011,13.139713456000038],[123.72993425900006,13.140429425000036],[123.73168383600012,13.142159178000043]]]}},{"type":"Feature","properties":{"code":"0500506040","name":"Bgy. 6 - Bañadero Pob.","areaSqKm":0.374410173779,"municipalityCode":"0500506000","municipalityName":"Legazpi City (Capital)","provinceCode":"05005","provinceName":"Albay"},"geometry":{"type":"Polygon","coordinates":[[[123.72230472800004,13.138479593000056],[123.7313987010001,13.139614317000053],[123.72435322900003,13.135109616000022],[123.72230472800004,13.138479593000056]]]}},{"type":"Feature","properties":{"code":"0500506041","name":"Bgy. 7 - Baño","areaSqKm":0.070389950969,"municipalityCode":"0500506000","municipalityName":"Legazpi City (Capital)","provinceCode":"05005","provinceName":"Albay"},"geometry":{"type":"Polygon","coordinates":[[[123.73245632600003,13.139027763000058],[123.73463759100002,13.14126213000003],[123.73516960300003,13.13850455100004],[123.73245632600003,13.139027763000058]]]}},{"type":"Feature","properties":{"code":"0500506042","name":"Bgy. 8 - Bagumbayan","areaSqKm":0.367090269308,"municipalityCode":"0500506000","municipalityName":"Legazpi City (Capital)","provinceCode":"05005","provinceName":"Albay"},"geometry":{"type":"Polygon","coordinates":[[[123.734539906,13.150487593000037],[123.7367473380001,13.14361355400007],[123.73530673000005,13.140599043000066],[123.73072074900006,13.142528191000054],[123.734539906,13.150487593000037]]]}},{"type":"Feature","properties":{"code":"0500506043","name":"Bgy. 9 - Pinaric","areaSqKm":0.262448024547,"municipalityCode":"0500506000","municipalityName":"Legazpi City (Capital)","provinceCode":"05005","provinceName":"Albay"},"geometry":{"type":"Polygon","coordinates":[[[123.72435322900003,13.135109616000022],[123.73162551300004,13.136113647000059],[123.72505100900003,13.133845183000062],[123.72435322900003,13.135109616000022]]]}},{"type":"Feature","properties":{"code":"0500506072","name":"Bgy. 10 - Cabugao","areaSqKm":0.0335452733443,"municipalityCode":"0500506000","municipalityName":"Legazpi City (Capital)","provinceCode":"05005","provinceName":"Albay"},"geometry":{"type":"Polygon","coordinates":[[[123.73208405300011,13.137955042000044],[123.73406099800002,13.138661200000058],[123.73348590300009,13.13713341500005],[123.73208405300011,13.137955042000044]]]}},{"type":"Feature","properties":{"code":"0500506007","name":"Bgy. 11 - Maoyod Pob.","areaSqKm":0.175251725818,"municipalityCode":"0500506000","municipalityName":"Legazpi City (Capital)","provinceCode":"05005","provinceName":"Albay"},"geometry":{"type":"Polygon","coordinates":[[[123.73162551300004,13.136113647000059],[123.73311519300012,13.132976849000045],[123.72745111400002,13.13345686200006],[123.73162551300004,13.136113647000059]]]}},{"type":"Feature","properties":{"code":"0500506008","name":"Bgy. 12 - Tula-tula","areaSqKm":0.120316252345,"municipalityCode":"0500506000","municipalityName":"Legazpi City (Capital)","provinceCode":"05005","provinceName":"Albay"},"geometry":{"type":"Polygon","coordinates":[[[123.732604906,13.135707529000058],[123.7355636750001,13.133701804000054],[123.7336954540001,13.132815333000053],[123.732604906,13.135707529000058]]]}},{"type":"Feature","properties":{"code":"0500506009","name":"Bgy. 13 - Ilawod West Pob.","areaSqKm":0.0354746214022,"municipalityCode":"0500506000","municipalityName":"Legazpi City (Capital)","provinceCode":"05005","provinceName":"Albay"},"geometry":{"type":"Polygon","coordinates":[[[123.73392601800003,13.136357672000031],[123.73516960300003,13.13850455100004],[123.73564767500011,13.136207023000054],[123.73392601800003,13.136357672000031]]]}},{"type":"Feature","properties":{"code":"0500506010","name":"Bgy. 14 - Ilawod Pob.","areaSqKm":0.0873448829988,"municipalityCode":"0500506000","municipalityName":"Legazpi City (Capital)","provinceCode":"05005","provinceName":"Albay"},"geometry":{"type":"Polygon","coordinates":[[[123.73564322100003,13.135319800000048],[123.73746059000007,13.136550438000029],[123.7398071020001,13.135954608000077],[123.73564322100003,13.135319800000048]]]}},{"type":"Feature","properties":{"code":"0500506011","name":"Bgy. 15 - Ilawod East Pob.","areaSqKm":0.260257041034,"municipalityCode":"0500506000","municipalityName":"Legazpi City (Capital)","provinceCode":"05005","provinceName":"Albay"},"geometry":{"type":"Polygon","coordinates":[[[123.73707885600004,13.136898823000024],[123.74499538100008,13.138214327000071],[123.74464886500004,13.133873986000026],[123.73707885600004,13.136898823000024]]]}},{"type":"Feature","properties":{"code":"0500506012","name":"Bgy. 16 - Kawit-East Washington Drive","areaSqKm":0.487285656608,"municipalityCode":"0500506000","municipalityName":"Legazpi City (Capital)","provinceCode":"05005","provinceName":"Albay"},"geometry":{"type":"Polygon","coordinates":[[[123.73467558000004,13.13920906800007],[123.73926937200008,13.147931718000052],[123.73719967700004,13.139216728000065],[123.73467558000004,13.13920906800007]]]}},{"type":"Feature","properties":{"code":"0500506013","name":"Bgy. 17 - Rizal Street., Ilawod","areaSqKm":0.313719477771,"municipalityCode":"0500506000","municipalityName":"Legazpi City (Capital)","provinceCode":"05005","provinceName":"Albay"},"geometry":{"type":"Polygon","coordinates":[[[123.73926937200008,13.147931718000052],[123.74234753500002,13.13881191400003],[123.73516960300003,13.13850455100004],[123.73926937200008,13.147931718000052]]]}},{"type":"Feature","properties":{"code":"0500506017","name":"Bgy. 18 - Cabagñan West","areaSqKm":0.489203067107,"municipalityCode":"0500506000","municipalityName":"Legazpi City (Capital)","provinceCode":"05005","provinceName":"Albay"},"geometry":{"type":"Polygon","coordinates":[[[123.7430191950001,13.147761368000033],[123.74826420300008,13.136745965000046],[123.74543049400006,13.135328676000029],[123.74112701900003,13.137809976000028],[123.7430191950001,13.147761368000033]]]}},{"type":"Feature","properties":{"code":"0500506015","name":"Bgy. 19 - Cabagñan","areaSqKm":0.195626647152,"municipalityCode":"0500506000","municipalityName":"Legazpi City (Capital)","provinceCode":"05005","provinceName":"Albay"},"geometry":{"type":"Polygon","coordinates":[[[123.74531912700002,13.142284395000047],[123.75054387500006,13.138056358000028],[123.74826420300008,13.136745965000046],[123.74531912700002,13.142284395000047]]]}},{"type":"Feature","properties":{"code":"0500506021","name":"Bgy. 20 - Cabagñan East","areaSqKm":0.105109592313,"municipalityCode":"0500506000","municipalityName":"Legazpi City (Capital)","provinceCode":"05005","provinceName":"Albay"},"geometry":{"type":"Polygon","coordinates":[[[123.7475780200001,13.14283976300004],[123.75090811400003,13.142011768000032],[123.74964238000007,13.139286428000048],[123.7475780200001,13.14283976300004]]]}},{"type":"Feature","properties":{"code":"0500506018","name":"Bgy. 21 - Binanuahan West","areaSqKm":0.0459455936757,"municipalityCode":"0500506000","municipalityName":"Legazpi City (Capital)","provinceCode":"05005","provinceName":"Albay"},"geometry":{"type":"Polygon","coordinates":[[[123.74967961300001,13.141451516000075],[123.75146157200004,13.138281555000049],[123.75054387500006,13.138056358000028],[123.74967961300001,13.141451516000075]]]}},{"type":"Feature","properties":{"code":"0500506019","name":"Bgy. 22 - Binanuahan East","areaSqKm":0.0763923784054,"municipalityCode":"0500506000","municipalityName":"Legazpi City (Capital)","provinceCode":"05005","provinceName":"Albay"},"geometry":{"type":"Polygon","coordinates":[[[123.75094592000005,13.140141630000073],[123.7542555870001,13.13887900800006],[123.75092996800004,13.139428876000068],[123.75094592000005,13.140141630000073]]]}},{"type":"Feature","properties":{"code":"0500506020","name":"Bgy. 23 - Imperial Court Subd.","areaSqKm":0.0621632124676,"municipalityCode":"0500506000","municipalityName":"Legazpi City (Capital)","provinceCode":"05005","provinceName":"Albay"},"geometry":{"type":"Polygon","coordinates":[[[123.75094592000005,13.140141630000073],[123.754354,13.141651884000055],[123.75427200700005,13.140200209000056],[123.75094592000005,13.140141630000073]]]}},{"type":"Feature","properties":{"code":"0500506073","name":"Bgy. 24 - Rizal Street","areaSqKm":0.159710087344,"municipalityCode":"0500506000","municipalityName":"Legazpi City (Capital)","provinceCode":"05005","provinceName":"Albay"},"geometry":{"type":"Polygon","coordinates":[[[123.75090811400003,13.142011768000032],[123.75231558100006,13.145215086000064],[123.75653677600008,13.14157332700006],[123.75090811400003,13.142011768000032]]]}},{"type":"Feature","properties":{"code":"0500506022","name":"Bgy. 25 - Lapu-lapu","areaSqKm":0.0607487831299,"municipalityCode":"0500506000","municipalityName":"Legazpi City (Capital)","provinceCode":"05005","provinceName":"Albay"},"geometry":{"type":"Polygon","coordinates":[[[123.75294645200006,13.14418160200006],[123.75501158700001,13.14512214900003],[123.754516867,13.142568347000065],[123.75294645200006,13.14418160200006]]]}},{"type":"Feature","properties":{"code":"0500506023","name":"Bgy. 26 - Dinagaan","areaSqKm":0.0450842257827,"municipalityCode":"0500506000","municipalityName":"Legazpi City (Capital)","provinceCode":"05005","provinceName":"Albay"},"geometry":{"type":"Polygon","coordinates":[[[123.75285632900011,13.147275536000052],[123.75584519200004,13.146145090000061],[123.75501158700001,13.14512214900003],[123.75285632900011,13.147275536000052]]]}},{"type":"Feature","properties":{"code":"0500506024","name":"Bgy. 27 - Victory Village South","areaSqKm":0.0721380499991,"municipalityCode":"0500506000","municipalityName":"Legazpi City (Capital)","provinceCode":"05005","provinceName":"Albay"},"geometry":{"type":"Polygon","coordinates":[[[123.75679061400001,13.143499908000024],[123.75987424100003,13.143543618000024],[123.754516867,13.142568347000065],[123.75679061400001,13.143499908000024]]]}},{"type":"Feature","properties":{"code":"0500506025","name":"Bgy. 28 - Victory Village North","areaSqKm":0.0616249210162,"municipalityCode":"0500506000","municipalityName":"Legazpi City (Capital)","provinceCode":"05005","provinceName":"Albay"},"geometry":{"type":"Polygon","coordinates":[[[123.75474511300001,13.144842330000074],[123.75758772900008,13.143896264000034],[123.754516867,13.142568347000065],[123.75474511300001,13.144842330000074]]]}},{"type":"Feature","properties":{"code":"0500506026","name":"Bgy. 29 - Sabang","areaSqKm":0.0482099417908,"municipalityCode":"0500506000","municipalityName":"Legazpi City (Capital)","provinceCode":"05005","provinceName":"Albay"},"geometry":{"type":"Polygon","coordinates":[[[123.75721489600005,13.147538507000036],[123.75941443500005,13.146475991000045],[123.75437598000008,13.146645484000032],[123.75721489600005,13.147538507000036]]]}},{"type":"Feature","properties":{"code":"0500506029","name":"Bgy. 30 - Pigcale","areaSqKm":0.0396253618818,"municipalityCode":"0500506000","municipalityName":"Legazpi City (Capital)","provinceCode":"05005","provinceName":"Albay"},"geometry":{"type":"Polygon","coordinates":[[[123.75408347600012,13.147915021000074],[123.75721489600005,13.147538507000036],[123.75437598000008,13.146645484000032],[123.75408347600012,13.147915021000074]]]}},{"type":"Feature","properties":{"code":"0500506030","name":"Bgy. 31 - Centro-Baybay","areaSqKm":0.098134439091,"municipalityCode":"0500506000","municipalityName":"Legazpi City (Capital)","provinceCode":"05005","provinceName":"Albay"},"geometry":{"type":"Polygon","coordinates":[[[123.75306248900006,13.150158866000027],[123.75690106800005,13.148510568000063],[123.75370603400006,13.147817350000025],[123.75306248900006,13.150158866000027]]]}},{"type":"Feature","properties":{"code":"0500506067","name":"Bgy. 32 - San Roque","areaSqKm":0.247515382503,"municipalityCode":"0500506000","municipalityName":"Legazpi City (Capital)","provinceCode":"05005","provinceName":"Albay"},"geometry":{"type":"Polygon","coordinates":[[[123.75429723200011,13.158155613000076],[123.75624043700009,13.151090587000056],[123.7541113420001,13.150390655000024],[123.75429723200011,13.158155613000076]]]}},{"type":"Feature","properties":{"code":"0500506032","name":"Bgy. 33 - PNR-Peñaranda St.-Iraya","areaSqKm":0.155509123043,"municipalityCode":"0500506000","municipalityName":"Legazpi City (Capital)","provinceCode":"05005","provinceName":"Albay"},"geometry":{"type":"Polygon","coordinates":[[[123.74920392100012,13.151485981000064],[123.75297278500011,13.153797216000044],[123.7541113420001,13.150390655000024],[123.74920392100012,13.151485981000064]]]}},{"type":"Feature","properties":{"code":"0500506033","name":"Bgy. 34 - Oro Site-Magallanes St.","areaSqKm":0.144902116023,"municipalityCode":"0500506000","municipalityName":"Legazpi City (Capital)","provinceCode":"05005","provinceName":"Albay"},"geometry":{"type":"Polygon","coordinates":[[[123.74921087100006,13.149654745000078],[123.75370603400006,13.147817350000025],[123.75285632900011,13.147275536000052],[123.74921087100006,13.149654745000078]]]}},{"type":"Feature","properties":{"code":"0500506034","name":"Bgy. 35 - Tinago","areaSqKm":0.0272385341394,"municipalityCode":"0500506000","municipalityName":"Legazpi City (Capital)","provinceCode":"05005","provinceName":"Albay"},"geometry":{"type":"Polygon","coordinates":[[[123.75084763900009,13.146066360000077],[123.7529622190001,13.145084215000054],[123.75307876200009,13.144551801000034],[123.75084763900009,13.146066360000077]]]}},{"type":"Feature","properties":{"code":"0500506028","name":"Bgy. 36 - Kapantawan","areaSqKm":0.112062731896,"municipalityCode":"0500506000","municipalityName":"Legazpi City (Capital)","provinceCode":"05005","provinceName":"Albay"},"geometry":{"type":"Polygon","coordinates":[[[123.75070768800003,13.148315668000066],[123.75242943300009,13.146676354000022],[123.74785773500003,13.14386388500003],[123.75070768800003,13.148315668000066]]]}},{"type":"Feature","properties":{"code":"0500506035","name":"Bgy. 37 - Bitano","areaSqKm":0.604851200364,"municipalityCode":"0500506000","municipalityName":"Legazpi City (Capital)","provinceCode":"05005","provinceName":"Albay"},"geometry":{"type":"Polygon","coordinates":[[[123.74322326300012,13.152313880000065],[123.75070768800003,13.148315668000066],[123.74531912700002,13.142284395000047],[123.7437010640001,13.143321449000041],[123.74322326300012,13.152313880000065]]]}},{"type":"Feature","properties":{"code":"0500506055","name":"Bgy. 38 - Gogon","areaSqKm":0.9032874515,"municipalityCode":"0500506000","municipalityName":"Legazpi City (Capital)","provinceCode":"05005","provinceName":"Albay"},"geometry":{"type":"Polygon","coordinates":[[[123.74788156200009,13.162717181000062],[123.74920712000005,13.150963584000067],[123.74134716200001,13.152342236000038],[123.7416978980001,13.16157221900005],[123.74788156200009,13.162717181000062]]]}},{"type":"Feature","properties":{"code":"0500506037","name":"Bgy. 39 - Bonot","areaSqKm":0.47410677145,"municipalityCode":"0500506000","municipalityName":"Legazpi City (Capital)","provinceCode":"05005","provinceName":"Albay"},"geometry":{"type":"Polygon","coordinates":[[[123.74920044300006,13.155064757000048],[123.75691193900002,13.15916634000007],[123.75276288600003,13.153641595000067],[123.74920044300006,13.155064757000048]]]}},{"type":"Feature","properties":{"code":"0500506051","name":"Bgy. 40 - Cruzada","areaSqKm":1.44515715191,"municipalityCode":"0500506000","municipalityName":"Legazpi City (Capital)","provinceCode":"05005","provinceName":"Albay"},"geometry":{"type":"Polygon","coordinates":[[[123.74079621800001,13.16167992000004],[123.74329597700012,13.147733594000044],[123.72539858000005,13.151851602000022],[123.74079621800001,13.16167992000004]]]}},{"type":"Feature","properties":{"code":"0500506046","name":"Bgy. 41 - Bogtong","areaSqKm":1.30476942489,"municipalityCode":"0500506000","municipalityName":"Legazpi City (Capital)","provinceCode":"05005","provinceName":"Albay"},"geometry":{"type":"Polygon","coordinates":[[[123.72914132200003,13.165393958000038],[123.73687189100008,13.164919259000044],[123.7468463890001,13.163035663000073],[123.72830442800011,13.153824092000036],[123.72914132200003,13.165393958000038]]]}},{"type":"Feature","properties":{"code":"0500506064","name":"Bgy. 42 - Rawis","areaSqKm":1.5691767455,"municipalityCode":"0500506000","municipalityName":"Legazpi City (Capital)","provinceCode":"05005","provinceName":"Albay"},"geometry":{"type":"Polygon","coordinates":[[[123.74583400800009,13.174590936000072],[123.75473345900002,13.177360734000047],[123.75619876000007,13.16063768500004],[123.7468463890001,13.163035663000073],[123.74583400800009,13.174590936000072]]]}},{"type":"Feature","properties":{"code":"0500506069","name":"Bgy. 43 - Tamaoyan","areaSqKm":1.10603354256,"municipalityCode":"0500506000","municipalityName":"Legazpi City (Capital)","provinceCode":"05005","provinceName":"Albay"},"geometry":{"type":"Polygon","coordinates":[[[123.73502761700001,13.17625765200006],[123.74718448600004,13.16774637800006],[123.7468463890001,13.163035663000073],[123.73502761700001,13.17625765200006]]]}},{"type":"Feature","properties":{"code":"0500506062","name":"Bgy. 44 - Pawa","areaSqKm":2.7113177358,"municipalityCode":"0500506000","municipalityName":"Legazpi City (Capital)","provinceCode":"05005","provinceName":"Albay"},"geometry":{"type":"Polygon","coordinates":[[[123.73730979600009,13.17834586500004],[123.74436065000009,13.16372331100007],[123.72914132200003,13.165393958000038],[123.72043796900005,13.178754163000065],[123.73730979600009,13.17834586500004]]]}},{"type":"Feature","properties":{"code":"0500506053","name":"Bgy. 45 - Dita","areaSqKm":0.843299931479,"municipalityCode":"0500506000","municipalityName":"Legazpi City (Capital)","provinceCode":"05005","provinceName":"Albay"},"geometry":{"type":"Polygon","coordinates":[[[123.73598625500006,13.18949483700004],[123.741405772,13.179365404000066],[123.74487018200011,13.174453090000043],[123.73353215500003,13.182885749000036],[123.73598625500006,13.18949483700004]]]}},{"type":"Feature","properties":{"code":"0500506066","name":"Bgy. 46 - San Joaquin","areaSqKm":0.698106200209,"municipalityCode":"0500506000","municipalityName":"Legazpi City (Capital)","provinceCode":"05005","provinceName":"Albay"},"geometry":{"type":"Polygon","coordinates":[[[123.74028730500004,13.185270291000052],[123.74859409800001,13.176234790000024],[123.74487018200011,13.174453090000043],[123.74028730500004,13.185270291000052]]]}},{"type":"Feature","properties":{"code":"0500506001","name":"Bgy. 47 - Arimbay","areaSqKm":1.07664468074,"municipalityCode":"0500506000","municipalityName":"Legazpi City (Capital)","provinceCode":"05005","provinceName":"Albay"},"geometry":{"type":"Polygon","coordinates":[[[123.74844024900005,13.190481937000072],[123.75752711000007,13.18569463800003],[123.75473345900002,13.177360734000047],[123.74889002300006,13.178362614000037],[123.74844024900005,13.190481937000072]]]}},{"type":"Feature","properties":{"code":"0500506003","name":"Bgy. 48 - Bagong Abre","areaSqKm":1.26782375406,"municipalityCode":"0500506000","municipalityName":"Legazpi City (Capital)","provinceCode":"05005","provinceName":"Albay"},"geometry":{"type":"Polygon","coordinates":[[[123.73971891000008,13.196488425000041],[123.74822215000006,13.19060545900004],[123.74726282600011,13.183400427000038],[123.73431356600008,13.190875469000048],[123.73971891000008,13.196488425000041]]]}},{"type":"Feature","properties":{"code":"0500506045","name":"Bgy. 49 - Bigaa","areaSqKm":2.03454084085,"municipalityCode":"0500506000","municipalityName":"Legazpi City (Capital)","provinceCode":"05005","provinceName":"Albay"},"geometry":{"type":"Polygon","coordinates":[[[123.75032859300006,13.205661292000059],[123.76141536700004,13.201325857000029],[123.757423549,13.18564555000006],[123.74781488700012,13.190943410000045],[123.75032859300006,13.205661292000059]]]}},{"type":"Feature","properties":{"code":"0500506061","name":"Bgy. 50 - Padang","areaSqKm":11.3879684392,"municipalityCode":"0500506000","municipalityName":"Legazpi City (Capital)","provinceCode":"05005","provinceName":"Albay"},"geometry":{"type":"Polygon","coordinates":[[[123.68355123800006,13.253206272000057],[123.76430690900008,13.208693909000033],[123.76141536700004,13.201325857000029],[123.72801413800005,13.21848822000004],[123.70704998200006,13.215171674000032],[123.68355123800006,13.253206272000057]]]}},{"type":"Feature","properties":{"code":"0500506049","name":"Bgy. 51 - Buyuan","areaSqKm":3.9680033722,"municipalityCode":"0500506000","municipalityName":"Legazpi City (Capital)","provinceCode":"05005","provinceName":"Albay"},"geometry":{"type":"Polygon","coordinates":[[[123.72683737500006,13.218498108000063],[123.7501325720001,13.205698204000043],[123.74781488700012,13.190943410000045],[123.72786964900001,13.203082040000027],[123.72683737500006,13.218498108000063]]]}},{"type":"Feature","properties":{"code":"0500506071","name":"Bgy. 52 - Matanag","areaSqKm":2.0800353102,"municipalityCode":"0500506000","municipalityName":"Legazpi City (Capital)","provinceCode":"05005","provinceName":"Albay"},"geometry":{"type":"Polygon","coordinates":[[[123.72775436000006,13.20425576100007],[123.73908415500011,13.197046255000032],[123.73431356600008,13.190875469000048],[123.71953605100009,13.21739466300005],[123.72657729000002,13.218635439000025],[123.72775436000006,13.20425576100007]]]}},{"type":"Feature","properties":{"code":"0500506047","name":"Bgy. 53 - Bonga","areaSqKm":3.98261843942,"municipalityCode":"0500506000","municipalityName":"Legazpi City (Capital)","provinceCode":"05005","provinceName":"Albay"},"geometry":{"type":"Polygon","coordinates":[[[123.71953605100009,13.21739466300005],[123.73598625500006,13.18949483700004],[123.72325859000011,13.180042658000048],[123.7135393750001,13.216337023000051],[123.71953605100009,13.21739466300005]]]}},{"type":"Feature","properties":{"code":"0500506058","name":"Bgy. 54 - Mabinit","areaSqKm":3.29316823052,"municipalityCode":"0500506000","municipalityName":"Legazpi City (Capital)","provinceCode":"05005","provinceName":"Albay"},"geometry":{"type":"Polygon","coordinates":[[[123.7135393750001,13.216337023000051],[123.72043796900005,13.178754163000065],[123.70704998200006,13.215171674000032],[123.7135393750001,13.216337023000051]]]}},{"type":"Feature","properties":{"code":"0500506054","name":"Bgy. 55 - Estanza","areaSqKm":4.63512870865,"municipalityCode":"0500506000","municipalityName":"Legazpi City (Capital)","provinceCode":"05005","provinceName":"Albay"},"geometry":{"type":"Polygon","coordinates":[[[123.72075893300007,13.13905752100004],[123.73487630400007,13.131952850000062],[123.72745329700001,13.105377665000049],[123.714692678,13.121344280000073],[123.72075893300007,13.13905752100004]]]}},{"type":"Feature","properties":{"code":"0500506070","name":"Bgy. 56 - Taysan","areaSqKm":9.35941462783,"municipalityCode":"0500506000","municipalityName":"Legazpi City (Capital)","provinceCode":"05005","provinceName":"Albay"},"geometry":{"type":"Polygon","coordinates":[[[123.75054387500006,13.138056358000028],[123.76373608600011,13.117369221000047],[123.75477116600007,13.106170035000048],[123.72932151300006,13.103106296000021],[123.73564322100003,13.135319800000048],[123.75054387500006,13.138056358000028]]]}},{"type":"Feature","properties":{"code":"0500506052","name":"Bgy. 57 - Dap-dap","areaSqKm":0.228204171103,"municipalityCode":"0500506000","municipalityName":"Legazpi City (Capital)","provinceCode":"05005","provinceName":"Albay"},"geometry":{"type":"Polygon","coordinates":[[[123.76023010100005,13.145945297000026],[123.76103143500006,13.138915437000037],[123.75427200700005,13.140200209000056],[123.76023010100005,13.145945297000026]]]}},{"type":"Feature","properties":{"code":"0500506074","name":"Bgy. 58 - Buragwis","areaSqKm":0.738917023207,"municipalityCode":"0500506000","municipalityName":"Legazpi City (Capital)","provinceCode":"05005","provinceName":"Albay"},"geometry":{"type":"Polygon","coordinates":[[[123.75054387500006,13.138056358000028],[123.76173529300002,13.136991460000047],[123.75289703500005,13.130028355000036],[123.75054387500006,13.138056358000028]]]}},{"type":"Feature","properties":{"code":"0500506063","name":"Bgy. 59 - Puro","areaSqKm":2.34870880964,"municipalityCode":"0500506000","municipalityName":"Legazpi City (Capital)","provinceCode":"05005","provinceName":"Albay"},"geometry":{"type":"Polygon","coordinates":[[[123.76173948600001,13.136987377000025],[123.77323399000011,13.126829288000067],[123.76373608600011,13.117369221000047],[123.75289703500005,13.130028355000036],[123.76173948600001,13.136987377000025]]]}},{"type":"Feature","properties":{"code":"0500506077","name":"Bgy. 60 - Lamba","areaSqKm":2.3134410299,"municipalityCode":"0500506000","municipalityName":"Legazpi City (Capital)","provinceCode":"05005","provinceName":"Albay"},"geometry":{"type":"Polygon","coordinates":[[[123.78112323700009,13.130933662000075],[123.78591231500002,13.11802751700003],[123.78318779400001,13.108705844000042],[123.76628281500007,13.120833448000042],[123.78112323700009,13.130933662000075]]]}},{"type":"Feature","properties":{"code":"0500506060","name":"Bgy. 61 - Maslog","areaSqKm":6.34725692157,"municipalityCode":"0500506000","municipalityName":"Legazpi City (Capital)","provinceCode":"05005","provinceName":"Albay"},"geometry":{"type":"Polygon","coordinates":[[[123.78056497200009,13.11051346000005],[123.77572518800002,13.089546656000039],[123.75841817900005,13.092789093000022],[123.75477116600007,13.106170035000048],[123.76628281500007,13.120833448000042],[123.78056497200009,13.11051346000005]]]}},{"type":"Feature","properties":{"code":"0500506056","name":"Bgy. 62 - Homapon","areaSqKm":7.0863480112,"municipalityCode":"0500506000","municipalityName":"Legazpi City (Capital)","provinceCode":"05005","provinceName":"Albay"},"geometry":{"type":"Polygon","coordinates":[[[123.75477116600007,13.106170035000048],[123.75418141500006,13.08613727200003],[123.74285187900011,13.084800993000044],[123.74372004100007,13.069804754000074],[123.73554329400008,13.06952414500006],[123.7386698040001,13.080712210000058],[123.72648520100006,13.08409103200006],[123.73764248300006,13.103644074000044],[123.75477116600007,13.106170035000048]]]}},{"type":"Feature","properties":{"code":"0500506059","name":"Bgy. 63 - Mariawa","areaSqKm":4.34876568685,"municipalityCode":"0500506000","municipalityName":"Legazpi City (Capital)","provinceCode":"05005","provinceName":"Albay"},"geometry":{"type":"Polygon","coordinates":[[[123.71671517400011,13.117816222000044],[123.73764248300006,13.103644074000044],[123.72648520100006,13.08409103200006],[123.71621368100011,13.092493840000031],[123.71671517400011,13.117816222000044]]]}},{"type":"Feature","properties":{"code":"0500506002","name":"Bgy. 64 - Bagacay","areaSqKm":3.77636356549,"municipalityCode":"0500506000","municipalityName":"Legazpi City (Capital)","provinceCode":"05005","provinceName":"Albay"},"geometry":{"type":"Polygon","coordinates":[[[123.74715294500004,13.084727956000052],[123.76011041600009,13.080088153000077],[123.7642599300001,13.069419347000064],[123.75211051700012,13.063242415000047],[123.74372004100007,13.069804754000074],[123.74715294500004,13.084727956000052]]]}},{"type":"Feature","properties":{"code":"0500506057","name":"Bgy. 65 - Imalnod","areaSqKm":5.71598228473,"municipalityCode":"0500506000","municipalityName":"Legazpi City (Capital)","provinceCode":"05005","provinceName":"Albay"},"geometry":{"type":"Polygon","coordinates":[[[123.71621368100011,13.092493840000031],[123.73846943500007,13.077399596000078],[123.7341421970001,13.061037716000044],[123.72041504700007,13.055608247000066],[123.71621368100011,13.092493840000031]]]}},{"type":"Feature","properties":{"code":"0500506004","name":"Bgy. 66 - Banquerohan","areaSqKm":14.9587992032,"municipalityCode":"0500506000","municipalityName":"Legazpi City (Capital)","provinceCode":"05005","provinceName":"Albay"},"geometry":{"type":"Polygon","coordinates":[[[123.74011262600004,13.071542390000047],[123.76952062500004,13.054999331000033],[123.775600929,13.028283157000033],[123.72379858500005,13.041307884000048],[123.72041504700007,13.055608247000066],[123.74011262600004,13.071542390000047]]]}},{"type":"Feature","properties":{"code":"0500506044","name":"Bgy. 67 - Bariis","areaSqKm":15.846860973,"municipalityCode":"0500506000","municipalityName":"Legazpi City (Capital)","provinceCode":"05005","provinceName":"Albay"},"geometry":{"type":"Polygon","coordinates":[[[123.71486563300004,13.039950008000062],[123.775600929,13.028283157000033],[123.75840614000003,13.012106215000074],[123.76798332800001,13.008446209000056],[123.7656268180001,12.998209528000075],[123.74598040500007,12.996885520000035],[123.73445022100009,13.026391081000043],[123.72131722200004,13.027112712000076],[123.71486563300004,13.039950008000062]]]}},{"type":"Feature","properties":{"code":"0500506065","name":"Bgy. 68 - San Francisco","areaSqKm":6.39540483397,"municipalityCode":"0500506000","municipalityName":"Legazpi City (Capital)","provinceCode":"05005","provinceName":"Albay"},"geometry":{"type":"Polygon","coordinates":[[[123.76946144300007,13.054510295000057],[123.79628199700005,13.04655516300005],[123.79643590300009,13.026671204000024],[123.775600929,13.028283157000033],[123.76946144300007,13.054510295000057]]]}},{"type":"Feature","properties":{"code":"0500506048","name":"Bgy. 69 - Buenavista","areaSqKm":13.2446226771,"municipalityCode":"0500506000","municipalityName":"Legazpi City (Capital)","provinceCode":"05005","provinceName":"Albay"},"geometry":{"type":"Polygon","coordinates":[[[123.79628199700005,13.04655516300005],[123.81195387700006,13.05216394100006],[123.86231079600009,13.041738276000046],[123.82829471200012,13.026915577000068],[123.79643590300009,13.026671204000024],[123.79628199700005,13.04655516300005]]]}},{"type":"Feature","properties":{"code":"0500506050","name":"Bgy. 70 - Cagbacong","areaSqKm":13.8561428336,"municipalityCode":"0500506000","municipalityName":"Legazpi City (Capital)","provinceCode":"05005","provinceName":"Albay"},"geometry":{"type":"Polygon","coordinates":[[[123.775600929,13.028283157000033],[123.82829471200012,13.026915577000068],[123.80564823300006,13.01902807700003],[123.76765605700007,12.986184890000061],[123.76215491200003,12.997107576000076],[123.76842571400005,13.007477184000038],[123.75840614000003,13.012106215000074],[123.775600929,13.028283157000033]]]}},{"type":"Feature","properties":{"code":"0500507001","name":"Alongong","areaSqKm":6.1782708768,"municipalityCode":"0500507000","municipalityName":"Libon","provinceCode":"05005","provinceName":"Albay"},"geometry":{"type":"Polygon","coordinates":[[[123.35269276800011,13.306655875000047],[123.33840941500011,13.283101771000076],[123.31833546400003,13.269630195000047],[123.30849789900003,13.283519390000038],[123.35269276800011,13.306655875000047]]]}},{"type":"Feature","properties":{"code":"0500507002","name":"Apud","areaSqKm":2.37926503442,"municipalityCode":"0500507000","municipalityName":"Libon","provinceCode":"05005","provinceName":"Albay"},"geometry":{"type":"Polygon","coordinates":[[[123.28822973500007,13.146765834000064],[123.30735423800002,13.137073755000074],[123.2977512000001,13.129747773000076],[123.28822973500007,13.146765834000064]]]}},{"type":"Feature","properties":{"code":"0500507003","name":"Bacolod","areaSqKm":3.8057806053,"municipalityCode":"0500507000","municipalityName":"Libon","provinceCode":"05005","provinceName":"Albay"},"geometry":{"type":"Polygon","coordinates":[[[123.42436803100009,13.282867950000025],[123.45116479800004,13.266913114000033],[123.44416005000005,13.26261493100003],[123.41588173600007,13.273758452000038],[123.42436803100009,13.282867950000025]]]}},{"type":"Feature","properties":{"code":"0500507011","name":"Bariw","areaSqKm":4.23530958171,"municipalityCode":"0500507000","municipalityName":"Libon","provinceCode":"05005","provinceName":"Albay"},"geometry":{"type":"Polygon","coordinates":[[[123.37358515300002,13.286379617000023],[123.37845149400005,13.279031673000077],[123.36532084500004,13.27147218400006],[123.3514994620001,13.266039501000023],[123.3462098980001,13.272939371000064],[123.37358515300002,13.286379617000023]]]}},{"type":"Feature","properties":{"code":"0500507012","name":"Bonbon","areaSqKm":6.88850202105,"municipalityCode":"0500507000","municipalityName":"Libon","provinceCode":"05005","provinceName":"Albay"},"geometry":{"type":"Polygon","coordinates":[[[123.38634526700002,13.308580476000031],[123.40207106300011,13.300282527000036],[123.40086418300007,13.274091296000051],[123.37845149400005,13.279031673000077],[123.38634526700002,13.308580476000031]]]}},{"type":"Feature","properties":{"code":"0500507013","name":"Buga","areaSqKm":6.87657787178,"municipalityCode":"0500507000","municipalityName":"Libon","provinceCode":"05005","provinceName":"Albay"},"geometry":{"type":"Polygon","coordinates":[[[123.35309324200011,13.305690470000059],[123.37023597900009,13.300384878000045],[123.36456321900005,13.282701484000029],[123.3462098980001,13.272939371000064],[123.33840941500011,13.283101771000076],[123.35309324200011,13.305690470000059]]]}},{"type":"Feature","properties":{"code":"0500507014","name":"Bulusan","areaSqKm":4.26613003289,"municipalityCode":"0500507000","municipalityName":"Libon","provinceCode":"05005","provinceName":"Albay"},"geometry":{"type":"Polygon","coordinates":[[[123.39921933100004,13.297505844000057],[123.42436803100009,13.282867950000025],[123.41588173600007,13.273758452000038],[123.39981406700008,13.281651915000054],[123.39921933100004,13.297505844000057]]]}},{"type":"Feature","properties":{"code":"0500507015","name":"Burabod","areaSqKm":5.44415927226,"municipalityCode":"0500507000","municipalityName":"Libon","provinceCode":"05005","provinceName":"Albay"},"geometry":{"type":"Polygon","coordinates":[[[123.40810979500009,13.277455599000064],[123.427815183,13.268300195000052],[123.4222812050001,13.256832135000025],[123.39514902100007,13.263037844000053],[123.40810979500009,13.277455599000064]]]}},{"type":"Feature","properties":{"code":"0500507016","name":"Caguscos","areaSqKm":4.19659876214,"municipalityCode":"0500507000","municipalityName":"Libon","provinceCode":"05005","provinceName":"Albay"},"geometry":{"type":"Polygon","coordinates":[[[123.33837213600009,13.24073117100005],[123.34453535300008,13.224327475000052],[123.32581761200004,13.220541140000023],[123.32020182400004,13.23390818200005],[123.33837213600009,13.24073117100005]]]}},{"type":"Feature","properties":{"code":"0500507017","name":"East Carisac","areaSqKm":1.4123782303,"municipalityCode":"0500507000","municipalityName":"Libon","provinceCode":"05005","provinceName":"Albay"},"geometry":{"type":"Polygon","coordinates":[[[123.45515923100004,13.305089614000053],[123.46166578300006,13.297046096000031],[123.46059669400006,13.28919345600002],[123.4502938920001,13.291830584000024],[123.45515923100004,13.305089614000053]]]}},{"type":"Feature","properties":{"code":"0500507019","name":"Harigue","areaSqKm":4.59215708284,"municipalityCode":"0500507000","municipalityName":"Libon","provinceCode":"05005","provinceName":"Albay"},"geometry":{"type":"Polygon","coordinates":[[[123.36270448300002,13.252016538000078],[123.33522175700011,13.244502365000073],[123.32943975300009,13.252896419000024],[123.3514994620001,13.266039501000023],[123.36270448300002,13.252016538000078]]]}},{"type":"Feature","properties":{"code":"0500507020","name":"Libtong","areaSqKm":4.28605193368,"municipalityCode":"0500507000","municipalityName":"Libon","provinceCode":"05005","provinceName":"Albay"},"geometry":{"type":"Polygon","coordinates":[[[123.37401112500004,13.27167010900007],[123.38652181500004,13.264139890000024],[123.36270448300002,13.252016538000078],[123.3514994620001,13.266039501000023],[123.37401112500004,13.27167010900007]]]}},{"type":"Feature","properties":{"code":"0500507021","name":"Linao","areaSqKm":5.14771140418,"municipalityCode":"0500507000","municipalityName":"Libon","provinceCode":"05005","provinceName":"Albay"},"geometry":{"type":"Polygon","coordinates":[[[123.45267926600002,13.266648219000047],[123.46208557000011,13.256624524000074],[123.45969181200007,13.24784986800006],[123.43440788700002,13.244690781000031],[123.45267926600002,13.266648219000047]]]}},{"type":"Feature","properties":{"code":"0500507022","name":"Mabayawas","areaSqKm":1.18367666374,"municipalityCode":"0500507000","municipalityName":"Libon","provinceCode":"05005","provinceName":"Albay"},"geometry":{"type":"Polygon","coordinates":[[[123.42862276400001,13.228631823000057],[123.42457410500003,13.221394088000068],[123.416266919,13.224597575000075],[123.41999515900011,13.233837595000068],[123.42862276400001,13.228631823000057]]]}},{"type":"Feature","properties":{"code":"0500507023","name":"Macabugos","areaSqKm":16.535194404,"municipalityCode":"0500507000","municipalityName":"Libon","provinceCode":"05005","provinceName":"Albay"},"geometry":{"type":"Polygon","coordinates":[[[123.30849789900003,13.283519390000038],[123.33522175700011,13.244502365000073],[123.32020182400004,13.23390818200005],[123.32369858900006,13.225873552000053],[123.31345156600003,13.223560380000038],[123.29817907400002,13.245731699000032],[123.30414454400011,13.249621532000049],[123.28522357100007,13.26951265100007],[123.30849789900003,13.283519390000038]]]}},{"type":"Feature","properties":{"code":"0500507024","name":"Magallang","areaSqKm":0.485676057461,"municipalityCode":"0500507000","municipalityName":"Libon","provinceCode":"05005","provinceName":"Albay"},"geometry":{"type":"Polygon","coordinates":[[[123.40616197800011,13.256797754000047],[123.40014166500009,13.255801852000047],[123.39250523900012,13.260415084000044],[123.39514902100007,13.263037844000053],[123.40616197800011,13.256797754000047]]]}},{"type":"Feature","properties":{"code":"0500507025","name":"Malabiga","areaSqKm":7.32773536345,"municipalityCode":"0500507000","municipalityName":"Libon","provinceCode":"05005","provinceName":"Albay"},"geometry":{"type":"Polygon","coordinates":[[[123.37362893400007,13.228023690000043],[123.3847249160001,13.207447818000048],[123.35721604900004,13.200492991000033],[123.347483527,13.216639566000026],[123.37362893400007,13.228023690000043]]]}},{"type":"Feature","properties":{"code":"0500507026","name":"Marayag","areaSqKm":2.70343665076,"municipalityCode":"0500507000","municipalityName":"Libon","provinceCode":"05005","provinceName":"Albay"},"geometry":{"type":"Polygon","coordinates":[[[123.46059669400006,13.28919345600002],[123.4638878180001,13.27778715200003],[123.45193893500004,13.268617434000078],[123.44889312300006,13.291141408000044],[123.46059669400006,13.28919345600002]]]}},{"type":"Feature","properties":{"code":"0500507027","name":"Matara","areaSqKm":3.74019172285,"municipalityCode":"0500507000","municipalityName":"Libon","provinceCode":"05005","provinceName":"Albay"},"geometry":{"type":"Polygon","coordinates":[[[123.3990104930001,13.206587925000065],[123.38968625200005,13.187695491000056],[123.38230168700011,13.190227746000062],[123.37710155100001,13.203782714000056],[123.39428811000005,13.212033967000025],[123.3990104930001,13.206587925000065]]]}},{"type":"Feature","properties":{"code":"0500507028","name":"Molosbolos","areaSqKm":6.20963641751,"municipalityCode":"0500507000","municipalityName":"Libon","provinceCode":"05005","provinceName":"Albay"},"geometry":{"type":"Polygon","coordinates":[[[123.34119060500007,13.279701505000048],[123.3514994620001,13.266039501000023],[123.32943975300009,13.252896419000024],[123.31833546400003,13.269630195000047],[123.34119060500007,13.279701505000048]]]}},{"type":"Feature","properties":{"code":"0500507029","name":"Natasan","areaSqKm":6.30182922617,"municipalityCode":"0500507000","municipalityName":"Libon","provinceCode":"05005","provinceName":"Albay"},"geometry":{"type":"Polygon","coordinates":[[[123.41011726500005,13.235409654000023],[123.38088889000005,13.214606454000034],[123.37362893400007,13.228023690000043],[123.37802247800005,13.24065751300003],[123.41011726500005,13.235409654000023]]]}},{"type":"Feature","properties":{"code":"0500507045","name":"Niño Jesus","areaSqKm":2.70526099915,"municipalityCode":"0500507000","municipalityName":"Libon","provinceCode":"05005","provinceName":"Albay"},"geometry":{"type":"Polygon","coordinates":[[[123.40508163400011,13.254089512000064],[123.4382209790001,13.251734510000063],[123.43440788700002,13.244690781000031],[123.40508163400011,13.254089512000064]]]}},{"type":"Feature","properties":{"code":"0500507030","name":"Nogpo","areaSqKm":3.30435390677,"municipalityCode":"0500507000","municipalityName":"Libon","provinceCode":"05005","provinceName":"Albay"},"geometry":{"type":"Polygon","coordinates":[[[123.3795431320001,13.310456284000054],[123.38634526700002,13.308580476000031],[123.37938296300001,13.284136497000077],[123.36710658400011,13.288634270000045],[123.3795431320001,13.310456284000054]]]}},{"type":"Feature","properties":{"code":"0500507031","name":"Pantao","areaSqKm":23.6737864942,"municipalityCode":"0500507000","municipalityName":"Libon","provinceCode":"05005","provinceName":"Albay"},"geometry":{"type":"Polygon","coordinates":[[[123.31345156600003,13.223560380000038],[123.34453535300008,13.224327475000052],[123.36813820100008,13.181720167000037],[123.34595278900008,13.168603721000068],[123.3042264930001,13.18304895500006],[123.30967750600007,13.191643846000034],[123.32512075600005,13.192025925000053],[123.31345156600003,13.223560380000038]]]}},{"type":"Feature","properties":{"code":"0500507033","name":"Rawis","areaSqKm":4.30195464877,"municipalityCode":"0500507000","municipalityName":"Libon","provinceCode":"05005","provinceName":"Albay"},"geometry":{"type":"Polygon","coordinates":[[[123.30970058700007,13.158358874000044],[123.32263626400004,13.148960443000021],[123.30511331700006,13.136554103000037],[123.294087783,13.150666461000071],[123.30970058700007,13.158358874000044]]]}},{"type":"Feature","properties":{"code":"0500507034","name":"Sagrada Familia","areaSqKm":3.89798457311,"municipalityCode":"0500507000","municipalityName":"Libon","provinceCode":"05005","provinceName":"Albay"},"geometry":{"type":"Polygon","coordinates":[[[123.37845149400005,13.279031673000077],[123.40086418300007,13.274091296000051],[123.39250523900012,13.260415084000044],[123.36532084500004,13.27147218400006],[123.37845149400005,13.279031673000077]]]}},{"type":"Feature","properties":{"code":"0500507035","name":"Salvacion","areaSqKm":2.3992033801,"municipalityCode":"0500507000","municipalityName":"Libon","provinceCode":"05005","provinceName":"Albay"},"geometry":{"type":"Polygon","coordinates":[[[123.42002023100008,13.220019225000044],[123.40145858000005,13.203983467000057],[123.39428811000005,13.212033967000025],[123.416266919,13.224597575000075],[123.42002023100008,13.220019225000044]]]}},{"type":"Feature","properties":{"code":"0500507036","name":"Sampongan","areaSqKm":4.33390431554,"municipalityCode":"0500507000","municipalityName":"Libon","provinceCode":"05005","provinceName":"Albay"},"geometry":{"type":"Polygon","coordinates":[[[123.37710155100001,13.203782714000056],[123.38473491500008,13.181626567000023],[123.36813820100008,13.181720167000037],[123.35721604900004,13.200492991000033],[123.37710155100001,13.203782714000056]]]}},{"type":"Feature","properties":{"code":"0500507037","name":"San Agustin","areaSqKm":4.27147713807,"municipalityCode":"0500507000","municipalityName":"Libon","provinceCode":"05005","provinceName":"Albay"},"geometry":{"type":"Polygon","coordinates":[[[123.4079221720001,13.314651153000057],[123.43392116100006,13.324057974000027],[123.44379423900011,13.313237376000075],[123.4079221720001,13.314651153000057]]]}},{"type":"Feature","properties":{"code":"0500507038","name":"San Antonio","areaSqKm":8.2701959687,"municipalityCode":"0500507000","municipalityName":"Libon","provinceCode":"05005","provinceName":"Albay"},"geometry":{"type":"Polygon","coordinates":[[[123.39675380300002,13.258601816000066],[123.42719593700008,13.24731392700005],[123.41999515900011,13.233837595000068],[123.37802247800005,13.24065751300003],[123.39675380300002,13.258601816000066]]]}},{"type":"Feature","properties":{"code":"0500507039","name":"San Isidro","areaSqKm":3.30083448796,"municipalityCode":"0500507000","municipalityName":"Libon","provinceCode":"05005","provinceName":"Albay"},"geometry":{"type":"Polygon","coordinates":[[[123.42436803100009,13.282867950000025],[123.44963925700006,13.285363094000047],[123.45193893500004,13.268617434000078],[123.42436803100009,13.282867950000025]]]}},{"type":"Feature","properties":{"code":"0500507040","name":"San Jose","areaSqKm":11.6486645741,"municipalityCode":"0500507000","municipalityName":"Libon","provinceCode":"05005","provinceName":"Albay"},"geometry":{"type":"Polygon","coordinates":[[[123.37547456100003,13.247733181000058],[123.37362893400007,13.228023690000043],[123.347483527,13.216639566000026],[123.33522175700011,13.244502365000073],[123.36861591000002,13.255003377000037],[123.37547456100003,13.247733181000058]]]}},{"type":"Feature","properties":{"code":"0500507041","name":"San Pascual","areaSqKm":4.62625031243,"municipalityCode":"0500507000","municipalityName":"Libon","provinceCode":"05005","provinceName":"Albay"},"geometry":{"type":"Polygon","coordinates":[[[123.41999515900011,13.233837595000068],[123.416266919,13.224597575000075],[123.3847249160001,13.207447818000048],[123.38088889000005,13.214606454000034],[123.41011726500005,13.235409654000023],[123.41999515900011,13.233837595000068]]]}},{"type":"Feature","properties":{"code":"0500507042","name":"San Ramon","areaSqKm":2.44874147768,"municipalityCode":"0500507000","municipalityName":"Libon","provinceCode":"05005","provinceName":"Albay"},"geometry":{"type":"Polygon","coordinates":[[[123.42719593700008,13.24731392700005],[123.441020535,13.24123441300003],[123.42862276400001,13.228631823000057],[123.41999515900011,13.233837595000068],[123.42719593700008,13.24731392700005]]]}},{"type":"Feature","properties":{"code":"0500507043","name":"San Vicente","areaSqKm":2.53548801929,"municipalityCode":"0500507000","municipalityName":"Libon","provinceCode":"05005","provinceName":"Albay"},"geometry":{"type":"Polygon","coordinates":[[[123.427815183,13.268300195000052],[123.44416005000005,13.26261493100003],[123.4382209790001,13.251734510000063],[123.4222812050001,13.256832135000025],[123.427815183,13.268300195000052]]]}},{"type":"Feature","properties":{"code":"0500507044","name":"Santa Cruz","areaSqKm":9.8965177344,"municipalityCode":"0500507000","municipalityName":"Libon","provinceCode":"05005","provinceName":"Albay"},"geometry":{"type":"Polygon","coordinates":[[[123.39400363100003,13.34044794700003],[123.4045150070001,13.32735165300005],[123.41846404300009,13.32585359500007],[123.39721517700002,13.308129176000023],[123.37344662400005,13.310179654000024],[123.36973656700002,13.314586839000071],[123.37988189500004,13.312341114000048],[123.38424108400011,13.31992486400003],[123.37317003100009,13.33751864900006],[123.39400363100003,13.34044794700003]]]}},{"type":"Feature","properties":{"code":"0500507046","name":"Talin-talin","areaSqKm":8.36079910895,"municipalityCode":"0500507000","municipalityName":"Libon","provinceCode":"05005","provinceName":"Albay"},"geometry":{"type":"Polygon","coordinates":[[[123.3037428770001,13.18239395200004],[123.34595278900008,13.168603721000068],[123.32263626400004,13.148960443000021],[123.30632906500011,13.160948234000045],[123.31088636000004,13.168891600000052],[123.3037428770001,13.18239395200004]]]}},{"type":"Feature","properties":{"code":"0500507047","name":"Tambo","areaSqKm":2.26682196322,"municipalityCode":"0500507000","municipalityName":"Libon","provinceCode":"05005","provinceName":"Albay"},"geometry":{"type":"Polygon","coordinates":[[[123.30414454400011,13.249621532000049],[123.29817907400002,13.245731699000032],[123.28127328200003,13.258541065000031],[123.28218609400005,13.266937898000037],[123.30414454400011,13.249621532000049]]]}},{"type":"Feature","properties":{"code":"0500507049","name":"Villa Petrona","areaSqKm":3.13082596498,"municipalityCode":"0500507000","municipalityName":"Libon","provinceCode":"05005","provinceName":"Albay"},"geometry":{"type":"Polygon","coordinates":[[[123.38716662400009,13.263943684000026],[123.39631757100005,13.25881729300005],[123.3792964270001,13.244370504000074],[123.36861591000002,13.255003377000037],[123.38716662400009,13.263943684000026]]]}},{"type":"Feature","properties":{"code":"0500507018","name":"West Carisac","areaSqKm":0.965545945222,"municipalityCode":"0500507000","municipalityName":"Libon","provinceCode":"05005","provinceName":"Albay"},"geometry":{"type":"Polygon","coordinates":[[[123.43753440600005,13.31054918600006],[123.45142464800006,13.30889880500007],[123.45468993000009,13.30544763100005],[123.43753440600005,13.31054918600006]]]}},{"type":"Feature","properties":{"code":"0500507004","name":"Zone I","areaSqKm":2.30780668858,"municipalityCode":"0500507000","municipalityName":"Libon","provinceCode":"05005","provinceName":"Albay"},"geometry":{"type":"Polygon","coordinates":[[[123.4394653380001,13.297939110000073],[123.4502938920001,13.291830584000024],[123.44963925700006,13.285363094000047],[123.43281836100005,13.285905488000026],[123.42528811500006,13.294230078000055],[123.4394653380001,13.297939110000073]]]}},{"type":"Feature","properties":{"code":"0500507005","name":"Zone II","areaSqKm":0.127608892002,"municipalityCode":"0500507000","municipalityName":"Libon","provinceCode":"05005","provinceName":"Albay"},"geometry":{"type":"Polygon","coordinates":[[[123.43738457900008,13.29603101500004],[123.44445424100002,13.297351130000038],[123.44411186200011,13.296194341000046],[123.43738457900008,13.29603101500004]]]}},{"type":"Feature","properties":{"code":"0500507006","name":"Zone III","areaSqKm":0.0829676455394,"municipalityCode":"0500507000","municipalityName":"Libon","provinceCode":"05005","provinceName":"Albay"},"geometry":{"type":"Polygon","coordinates":[[[123.43782238500012,13.298918349000076],[123.44234541000003,13.299324611000031],[123.44165618500006,13.298015511000074],[123.43782238500012,13.298918349000076]]]}},{"type":"Feature","properties":{"code":"0500507007","name":"Zone IV","areaSqKm":6.40548571352,"municipalityCode":"0500507000","municipalityName":"Libon","provinceCode":"05005","provinceName":"Albay"},"geometry":{"type":"Polygon","coordinates":[[[123.40173471700007,13.312336397000024],[123.42247501600002,13.29954706600006],[123.43533797400005,13.303456618000041],[123.43631339700005,13.297475144000032],[123.42528811500006,13.294230078000055],[123.43281836100005,13.285905488000026],[123.42436803100009,13.282867950000025],[123.40207106300011,13.300282527000036],[123.39633422400004,13.30890050000005],[123.40173471700007,13.312336397000024]]]}},{"type":"Feature","properties":{"code":"0500507008","name":"Zone V","areaSqKm":1.48407814018,"municipalityCode":"0500507000","municipalityName":"Libon","provinceCode":"05005","provinceName":"Albay"},"geometry":{"type":"Polygon","coordinates":[[[123.4413250450001,13.308410041000059],[123.44907787600005,13.302240315000063],[123.4502938920001,13.291830584000024],[123.438213947,13.300525626000024],[123.4413250450001,13.308410041000059]]]}},{"type":"Feature","properties":{"code":"0500507009","name":"Zone VI","areaSqKm":0.076927134785,"municipalityCode":"0500507000","municipalityName":"Libon","provinceCode":"05005","provinceName":"Albay"},"geometry":{"type":"Polygon","coordinates":[[[123.4347014760001,13.302222046000054],[123.43811312700007,13.303392900000063],[123.438213947,13.300525626000024],[123.4347014760001,13.302222046000054]]]}},{"type":"Feature","properties":{"code":"0500507010","name":"Zone VII","areaSqKm":2.70331027565,"municipalityCode":"0500507000","municipalityName":"Libon","provinceCode":"05005","provinceName":"Albay"},"geometry":{"type":"Polygon","coordinates":[[[123.43529273700005,13.30988069500006],[123.43811312700007,13.303392900000063],[123.42247501600002,13.29954706600006],[123.4059139850001,13.31282937900005],[123.43529273700005,13.30988069500006]]]}},{"type":"Feature","properties":{"code":"0500509004","name":"Barangay I","areaSqKm":1.23182990029,"municipalityCode":"0500509000","municipalityName":"Malilipot","provinceCode":"05005","provinceName":"Albay"},"geometry":{"type":"Polygon","coordinates":[[[123.73621844700006,13.318534344000057],[123.74096105500007,13.31100858700006],[123.72944362800001,13.295015274000036],[123.73621844700006,13.318534344000057]]]}},{"type":"Feature","properties":{"code":"0500509005","name":"Barangay II","areaSqKm":0.0470457106623,"municipalityCode":"0500509000","municipalityName":"Malilipot","provinceCode":"05005","provinceName":"Albay"},"geometry":{"type":"Polygon","coordinates":[[[123.73621844700006,13.318534344000057],[123.7393878800001,13.319583175000048],[123.74006896600008,13.318197517000044],[123.73621844700006,13.318534344000057]]]}},{"type":"Feature","properties":{"code":"0500509006","name":"Barangay III","areaSqKm":0.609431780709,"municipalityCode":"0500509000","municipalityName":"Malilipot","provinceCode":"05005","provinceName":"Albay"},"geometry":{"type":"Polygon","coordinates":[[[123.7381517660001,13.325349661000075],[123.7484968650001,13.323077130000058],[123.74229958700005,13.31642749200006],[123.7381517660001,13.325349661000075]]]}},{"type":"Feature","properties":{"code":"0500509007","name":"Barangay IV","areaSqKm":0.299336525595,"municipalityCode":"0500509000","municipalityName":"Malilipot","provinceCode":"05005","provinceName":"Albay"},"geometry":{"type":"Polygon","coordinates":[[[123.7381517660001,13.325349661000075],[123.7393878800001,13.319583175000048],[123.73153184800003,13.323349528000051],[123.7381517660001,13.325349661000075]]]}},{"type":"Feature","properties":{"code":"0500509008","name":"Barangay V","areaSqKm":1.73194931169,"municipalityCode":"0500509000","municipalityName":"Malilipot","provinceCode":"05005","provinceName":"Albay"},"geometry":{"type":"Polygon","coordinates":[[[123.73632262600006,13.320098185000063],[123.728741495,13.295533248000027],[123.72216564500002,13.295127472000047],[123.73066332100007,13.319261823000033],[123.73632262600006,13.320098185000063]]]}},{"type":"Feature","properties":{"code":"0500509001","name":"Binitayan","areaSqKm":1.85576606332,"municipalityCode":"0500509000","municipalityName":"Malilipot","provinceCode":"05005","provinceName":"Albay"},"geometry":{"type":"Polygon","coordinates":[[[123.75559647800003,13.323745479000024],[123.76656551200006,13.319238703000053],[123.75996351300012,13.301881997000066],[123.75561092200007,13.310959141000069],[123.75559647800003,13.323745479000024]]]}},{"type":"Feature","properties":{"code":"0500509002","name":"Calbayog","areaSqKm":6.95920622945,"municipalityCode":"0500509000","municipalityName":"Malilipot","provinceCode":"05005","provinceName":"Albay"},"geometry":{"type":"Polygon","coordinates":[[[123.71389226200006,13.292788350000023],[123.74039382900003,13.291074817000037],[123.69439226000009,13.259975761000021],[123.71389226200006,13.292788350000023]]]}},{"type":"Feature","properties":{"code":"0500509003","name":"Canaway","areaSqKm":10.4664358266,"municipalityCode":"0500509000","municipalityName":"Malilipot","provinceCode":"05005","provinceName":"Albay"},"geometry":{"type":"Polygon","coordinates":[[[123.70760054700008,13.32936866600005],[123.72189815500008,13.322488623000027],[123.71558326500008,13.293692099000054],[123.68355123800006,13.253206272000057],[123.70760054700008,13.32936866600005]]]}},{"type":"Feature","properties":{"code":"0500509009","name":"Salvacion","areaSqKm":1.0044725439,"municipalityCode":"0500509000","municipalityName":"Malilipot","provinceCode":"05005","provinceName":"Albay"},"geometry":{"type":"Polygon","coordinates":[[[123.84943457600002,13.350388214000077],[123.8602849240001,13.35003021600005],[123.85354762100008,13.34255343700005],[123.84943457600002,13.350388214000077]]]}},{"type":"Feature","properties":{"code":"0500509010","name":"San Antonio Santicon","areaSqKm":0.841387407686,"municipalityCode":"0500509000","municipalityName":"Malilipot","provinceCode":"05005","provinceName":"Albay"},"geometry":{"type":"Polygon","coordinates":[[[123.84877803600011,13.353049459000033],[123.85354762100008,13.34255343700005],[123.85123955100005,13.338990502000058],[123.84339003900004,13.347329860000059],[123.84877803600011,13.353049459000033]]]}},{"type":"Feature","properties":{"code":"0500509011","name":"San Antonio Sulong","areaSqKm":0.977111942986,"municipalityCode":"0500509000","municipalityName":"Malilipot","provinceCode":"05005","provinceName":"Albay"},"geometry":{"type":"Polygon","coordinates":[[[123.84347378600012,13.347245355000041],[123.85123955100005,13.338990502000058],[123.84192876300006,13.334104603000071],[123.83906946800005,13.342721416000074],[123.84347378600012,13.347245355000041]]]}},{"type":"Feature","properties":{"code":"0500509012","name":"San Francisco","areaSqKm":1.23502111742,"municipalityCode":"0500509000","municipalityName":"Malilipot","provinceCode":"05005","provinceName":"Albay"},"geometry":{"type":"Polygon","coordinates":[[[123.75435212100001,13.323564933000057],[123.75561092200007,13.310959141000069],[123.74952620600004,13.30719956200005],[123.74527001900003,13.312264657000071],[123.75435212100001,13.323564933000057]]]}},{"type":"Feature","properties":{"code":"0500509013","name":"San Isidro Ilawod","areaSqKm":1.37944104512,"municipalityCode":"0500509000","municipalityName":"Malilipot","provinceCode":"05005","provinceName":"Albay"},"geometry":{"type":"Polygon","coordinates":[[[123.73045987000012,13.335730685000044],[123.74322926500008,13.326959357000021],[123.73153184800003,13.323349528000051],[123.73045987000012,13.335730685000044]]]}},{"type":"Feature","properties":{"code":"0500509014","name":"San Isidro Iraya","areaSqKm":2.15070186774,"municipalityCode":"0500509000","municipalityName":"Malilipot","provinceCode":"05005","provinceName":"Albay"},"geometry":{"type":"Polygon","coordinates":[[[123.72744712400004,13.33615506700005],[123.73186856300003,13.322266202000037],[123.72382038900002,13.321466159000067],[123.71555167500003,13.33042054300006],[123.72744712400004,13.33615506700005]]]}},{"type":"Feature","properties":{"code":"0500509015","name":"San Jose","areaSqKm":3.7549784687,"municipalityCode":"0500509000","municipalityName":"Malilipot","provinceCode":"05005","provinceName":"Albay"},"geometry":{"type":"Polygon","coordinates":[[[123.75561092200007,13.310959141000069],[123.7632222100001,13.297000260000061],[123.75139952600011,13.287426974000027],[123.7354649670001,13.291704282000069],[123.75561092200007,13.310959141000069]]]}},{"type":"Feature","properties":{"code":"0500509016","name":"San Roque","areaSqKm":2.53322959858,"municipalityCode":"0500509000","municipalityName":"Malilipot","provinceCode":"05005","provinceName":"Albay"},"geometry":{"type":"Polygon","coordinates":[[[123.74135402600007,13.290795341000035],[123.75139952600011,13.287426974000027],[123.71663264100005,13.271417043000042],[123.72404364400006,13.282738836000021],[123.74135402600007,13.290795341000035]]]}},{"type":"Feature","properties":{"code":"0500509017","name":"Santa Cruz","areaSqKm":3.40414265026,"municipalityCode":"0500509000","municipalityName":"Malilipot","provinceCode":"05005","provinceName":"Albay"},"geometry":{"type":"Polygon","coordinates":[[[123.71874828500006,13.319935051000073],[123.73626708300003,13.321035573000074],[123.71558326500008,13.293692099000054],[123.71874828500006,13.319935051000073]]]}},{"type":"Feature","properties":{"code":"0500509018","name":"Santa Teresa","areaSqKm":2.93590426727,"municipalityCode":"0500509000","municipalityName":"Malilipot","provinceCode":"05005","provinceName":"Albay"},"geometry":{"type":"Polygon","coordinates":[[[123.75060551100012,13.32337925400003],[123.74951372500004,13.304406761000052],[123.7354649670001,13.291704282000069],[123.73093901400011,13.294717411000022],[123.740587032,13.314973291000058],[123.75060551100012,13.32337925400003]]]}},{"type":"Feature","properties":{"code":"0500510001","name":"Awang","areaSqKm":2.58615630876,"municipalityCode":"0500510000","municipalityName":"Malinao","provinceCode":"05005","provinceName":"Albay"},"geometry":{"type":"Polygon","coordinates":[[[123.69234427300012,13.38003328800005],[123.70197209300011,13.36791459400007],[123.68582094400006,13.357093218000045],[123.68668496700002,13.377480094000077],[123.69234427300012,13.38003328800005]]]}},{"type":"Feature","properties":{"code":"0500510002","name":"Bagatangki","areaSqKm":19.7542650312,"municipalityCode":"0500510000","municipalityName":"Malinao","provinceCode":"05005","provinceName":"Albay"},"geometry":{"type":"Polygon","coordinates":[[[123.64460917200006,13.403362511000068],[123.62406003700005,13.374830520000046],[123.56798881000009,13.371857841000065],[123.58243122100009,13.395386389000066],[123.62331023800004,13.409042254000042],[123.64460917200006,13.403362511000068]]]}},{"type":"Feature","properties":{"code":"0500510022","name":"Bagumbayan","areaSqKm":0.243944324292,"municipalityCode":"0500510000","municipalityName":"Malinao","provinceCode":"05005","provinceName":"Albay"},"geometry":{"type":"Polygon","coordinates":[[[123.70349794800006,13.400349619000053],[123.70384615700004,13.395136138000055],[123.69613619200004,13.394494560000055],[123.70349794800006,13.400349619000053]]]}},{"type":"Feature","properties":{"code":"0500510003","name":"Balading","areaSqKm":2.17821202489,"municipalityCode":"0500510000","municipalityName":"Malinao","provinceCode":"05005","provinceName":"Albay"},"geometry":{"type":"Polygon","coordinates":[[[123.69420613400007,13.378501929000038],[123.72099468700003,13.39737296800007],[123.69714727500002,13.37307258100003],[123.69420613400007,13.378501929000038]]]}},{"type":"Feature","properties":{"code":"0500510004","name":"Balza","areaSqKm":2.64603243982,"municipalityCode":"0500510000","municipalityName":"Malinao","provinceCode":"05005","provinceName":"Albay"},"geometry":{"type":"Polygon","coordinates":[[[123.70075919400006,13.415792083000042],[123.70652549300007,13.403112028000066],[123.69613619200004,13.394494560000055],[123.69021777600005,13.410038095000061],[123.70075919400006,13.415792083000042]]]}},{"type":"Feature","properties":{"code":"0500510005","name":"Bariw","areaSqKm":4.12756722747,"municipalityCode":"0500510000","municipalityName":"Malinao","provinceCode":"05005","provinceName":"Albay"},"geometry":{"type":"Polygon","coordinates":[[[123.72101162400008,13.397352372000057],[123.72808864500007,13.385405259000038],[123.70138550600007,13.36824305700003],[123.69714727500002,13.37307258100003],[123.72101162400008,13.397352372000057]]]}},{"type":"Feature","properties":{"code":"0500510006","name":"Baybay","areaSqKm":1.08250774767,"municipalityCode":"0500510000","municipalityName":"Malinao","provinceCode":"05005","provinceName":"Albay"},"geometry":{"type":"Polygon","coordinates":[[[123.71290903800002,13.418427488000077],[123.71906766600011,13.399987344000067],[123.71495304700011,13.397719625000036],[123.70746814000006,13.409321739000063],[123.71290903800002,13.418427488000077]]]}},{"type":"Feature","properties":{"code":"0500510007","name":"Bulang","areaSqKm":12.11023647,"municipalityCode":"0500510000","municipalityName":"Malinao","provinceCode":"05005","provinceName":"Albay"},"geometry":{"type":"Polygon","coordinates":[[[123.66573905400003,13.38842715100003],[123.6283288840001,13.35318323100006],[123.61135714600005,13.358133167000062],[123.63121109000008,13.385805751000078],[123.66573905400003,13.38842715100003]]]}},{"type":"Feature","properties":{"code":"0500510008","name":"Burabod","areaSqKm":1.10498619131,"municipalityCode":"0500510000","municipalityName":"Malinao","provinceCode":"05005","provinceName":"Albay"},"geometry":{"type":"Polygon","coordinates":[[[123.69612737600005,13.423732190000067],[123.68511886500005,13.41899617200005],[123.68168628100011,13.427643062000072],[123.69266055300011,13.430319006000047],[123.69612737600005,13.423732190000067]]]}},{"type":"Feature","properties":{"code":"0500510009","name":"Cabunturan","areaSqKm":1.77319671222,"municipalityCode":"0500510000","municipalityName":"Malinao","provinceCode":"05005","provinceName":"Albay"},"geometry":{"type":"Polygon","coordinates":[[[123.68047695500002,13.417264209000052],[123.70075919400006,13.415792083000042],[123.69021777600005,13.410038095000061],[123.68047695500002,13.417264209000052]]]}},{"type":"Feature","properties":{"code":"0500510010","name":"Comun","areaSqKm":0.972062693849,"municipalityCode":"0500510000","municipalityName":"Malinao","provinceCode":"05005","provinceName":"Albay"},"geometry":{"type":"Polygon","coordinates":[[[123.6712779500001,13.350219840000022],[123.6596297640001,13.339852889000042],[123.65781043000004,13.341581693000023],[123.66751883900008,13.354527699000073],[123.6712779500001,13.350219840000022]]]}},{"type":"Feature","properties":{"code":"0500510011","name":"Diaro","areaSqKm":2.78184988894,"municipalityCode":"0500510000","municipalityName":"Malinao","provinceCode":"05005","provinceName":"Albay"},"geometry":{"type":"Polygon","coordinates":[[[123.67358587700005,13.379166327000064],[123.676529318,13.373049089000062],[123.66149011100003,13.359737056000029],[123.65801099400005,13.376372227000047],[123.67358587700005,13.379166327000064]]]}},{"type":"Feature","properties":{"code":"0500510012","name":"Estancia","areaSqKm":3.11685720239,"municipalityCode":"0500510000","municipalityName":"Malinao","provinceCode":"05005","provinceName":"Albay"},"geometry":{"type":"Polygon","coordinates":[[[123.68651360100012,13.371567604000063],[123.68569895500002,13.356796816000042],[123.67266668900004,13.34860044900006],[123.66352535400006,13.358935339000027],[123.68651360100012,13.371567604000063]]]}},{"type":"Feature","properties":{"code":"0500510013","name":"Jonop","areaSqKm":2.75013469144,"municipalityCode":"0500510000","municipalityName":"Malinao","provinceCode":"05005","provinceName":"Albay"},"geometry":{"type":"Polygon","coordinates":[[[123.7022751610001,13.43358207500006],[123.71285825200005,13.418466151000075],[123.70746814000006,13.409321739000063],[123.69266055300011,13.430319006000047],[123.7022751610001,13.43358207500006]]]}},{"type":"Feature","properties":{"code":"0500510014","name":"Labnig","areaSqKm":2.49924275981,"municipalityCode":"0500510000","municipalityName":"Malinao","provinceCode":"05005","provinceName":"Albay"},"geometry":{"type":"Polygon","coordinates":[[[123.68782087200009,13.38083815300007],[123.68654261000006,13.371847546000026],[123.66909916300006,13.364202031000048],[123.67532634600002,13.382084173000067],[123.68782087200009,13.38083815300007]]]}},{"type":"Feature","properties":{"code":"0500510015","name":"Libod","areaSqKm":1.14668192313,"municipalityCode":"0500510000","municipalityName":"Malinao","provinceCode":"05005","provinceName":"Albay"},"geometry":{"type":"Polygon","coordinates":[[[123.6912024080001,13.406821754000077],[123.69605140300007,13.394392813000024],[123.680562602,13.39942135900003],[123.6912024080001,13.406821754000077]]]}},{"type":"Feature","properties":{"code":"0500510016","name":"Malolos","areaSqKm":1.93181596299,"municipalityCode":"0500510000","municipalityName":"Malinao","provinceCode":"05005","provinceName":"Albay"},"geometry":{"type":"Polygon","coordinates":[[[123.66573905400003,13.38842715100003],[123.68518047500004,13.385872254000049],[123.65801099400005,13.376372227000047],[123.66573905400003,13.38842715100003]]]}},{"type":"Feature","properties":{"code":"0500510017","name":"Matalipni","areaSqKm":6.99661841771,"municipalityCode":"0500510000","municipalityName":"Malinao","provinceCode":"05005","provinceName":"Albay"},"geometry":{"type":"Polygon","coordinates":[[[123.64460917200006,13.403362511000068],[123.68539816600003,13.393744149000042],[123.68742632400006,13.386741720000032],[123.63121109000008,13.385805751000078],[123.64460917200006,13.403362511000068]]]}},{"type":"Feature","properties":{"code":"0500510018","name":"Ogob","areaSqKm":4.1008527948,"municipalityCode":"0500510000","municipalityName":"Malinao","provinceCode":"05005","provinceName":"Albay"},"geometry":{"type":"Polygon","coordinates":[[[123.65801099400005,13.376372227000047],[123.66751883900008,13.354527699000073],[123.65809280000008,13.343253426000047],[123.6433740010001,13.360418872000025],[123.65801099400005,13.376372227000047]]]}},{"type":"Feature","properties":{"code":"0500510019","name":"Pawa","areaSqKm":0.6690711863,"municipalityCode":"0500510000","municipalityName":"Malinao","provinceCode":"05005","provinceName":"Albay"},"geometry":{"type":"Polygon","coordinates":[[[123.70384615700004,13.395136138000055],[123.70186600600005,13.385577622000028],[123.69613619200004,13.394494560000055],[123.70384615700004,13.395136138000055]]]}},{"type":"Feature","properties":{"code":"0500510020","name":"Payahan","areaSqKm":0.806095142598,"municipalityCode":"0500510000","municipalityName":"Malinao","provinceCode":"05005","provinceName":"Albay"},"geometry":{"type":"Polygon","coordinates":[[[123.70933906300002,13.406424208000033],[123.71495304700011,13.397719625000036],[123.71228280100001,13.395863167000073],[123.70349794800006,13.400349619000053],[123.70933906300002,13.406424208000033]]]}},{"type":"Feature","properties":{"code":"0500510021","name":"Poblacion","areaSqKm":0.373317046469,"municipalityCode":"0500510000","municipalityName":"Malinao","provinceCode":"05005","provinceName":"Albay"},"geometry":{"type":"Polygon","coordinates":[[[123.70662176700012,13.391887427000029],[123.70478477200004,13.398806466000053],[123.71228280100001,13.395863167000073],[123.70662176700012,13.391887427000029]]]}},{"type":"Feature","properties":{"code":"0500510023","name":"Quinarabasahan","areaSqKm":9.68742676044,"municipalityCode":"0500510000","municipalityName":"Malinao","provinceCode":"05005","provinceName":"Albay"},"geometry":{"type":"Polygon","coordinates":[[[123.62406003700005,13.374830520000046],[123.60122120800008,13.35143161600007],[123.57822276700006,13.356296947000033],[123.56798881000009,13.371857841000065],[123.62406003700005,13.374830520000046]]]}},{"type":"Feature","properties":{"code":"0500510024","name":"Santa Elena","areaSqKm":1.14490075885,"municipalityCode":"0500510000","municipalityName":"Malinao","provinceCode":"05005","provinceName":"Albay"},"geometry":{"type":"Polygon","coordinates":[[[123.68168628100011,13.427643062000072],[123.68047695500002,13.417264209000052],[123.66837393300011,13.425890349000042],[123.68168628100011,13.427643062000072]]]}},{"type":"Feature","properties":{"code":"0500510025","name":"Soa","areaSqKm":7.84152675039,"municipalityCode":"0500510000","municipalityName":"Malinao","provinceCode":"05005","provinceName":"Albay"},"geometry":{"type":"Polygon","coordinates":[[[123.64708057200005,13.35617552900004],[123.65814055500005,13.342202392000047],[123.64699193000001,13.332203126000024],[123.62673538800004,13.348418022000033],[123.60693611400006,13.352429916000062],[123.61135714600005,13.358133167000062],[123.62324650500011,13.352241236000054],[123.64708057200005,13.35617552900004]]]}},{"type":"Feature","properties":{"code":"0500510026","name":"Sugcad","areaSqKm":5.87688114902,"municipalityCode":"0500510000","municipalityName":"Malinao","provinceCode":"05005","provinceName":"Albay"},"geometry":{"type":"Polygon","coordinates":[[[123.64249424700006,13.415641708000067],[123.68539816600003,13.393744149000042],[123.62331023800004,13.409042254000042],[123.64249424700006,13.415641708000067]]]}},{"type":"Feature","properties":{"code":"0500510027","name":"Tagoytoy","areaSqKm":4.87234200018,"municipalityCode":"0500510000","municipalityName":"Malinao","provinceCode":"05005","provinceName":"Albay"},"geometry":{"type":"Polygon","coordinates":[[[123.67095357200003,13.423659219000058],[123.6842514330001,13.413705416000028],[123.67055724400007,13.407508857000039],[123.64249424700006,13.415641708000067],[123.67095357200003,13.423659219000058]]]}},{"type":"Feature","properties":{"code":"0500510028","name":"Tanawan","areaSqKm":1.88913988524,"municipalityCode":"0500510000","municipalityName":"Malinao","provinceCode":"05005","provinceName":"Albay"},"geometry":{"type":"Polygon","coordinates":[[[123.69021777600005,13.410038095000061],[123.680562602,13.39942135900003],[123.67055724400007,13.407508857000039],[123.6842514330001,13.413705416000028],[123.69021777600005,13.410038095000061]]]}},{"type":"Feature","properties":{"code":"0500510029","name":"Tuliw","areaSqKm":2.28341838955,"municipalityCode":"0500510000","municipalityName":"Malinao","provinceCode":"05005","provinceName":"Albay"},"geometry":{"type":"Polygon","coordinates":[[[123.68910166800003,13.396426425000072],[123.70186600600005,13.385577622000028],[123.69420613400007,13.378501929000038],[123.68518047500004,13.385872254000049],[123.68910166800003,13.396426425000072]]]}},{"type":"Feature","properties":{"code":"0500511001","name":"Balabagon","areaSqKm":0.491608298978,"municipalityCode":"0500511000","municipalityName":"Manito","provinceCode":"05005","provinceName":"Albay"},"geometry":{"type":"Polygon","coordinates":[[[123.90764013100011,13.118533616000036],[123.91477870200004,13.121120548000022],[123.91173033500002,13.114606305000052],[123.90764013100011,13.118533616000036]]]}},{"type":"Feature","properties":{"code":"0500511002","name":"Balasbas","areaSqKm":15.4022061128,"municipalityCode":"0500511000","municipalityName":"Manito","provinceCode":"05005","provinceName":"Albay"},"geometry":{"type":"Polygon","coordinates":[[[123.87993756000003,13.118858080000052],[123.90547908300005,13.10825002200005],[123.9130946360001,13.073033123000073],[123.90240365800003,13.038820376000047],[123.89337585600003,13.037882468000078],[123.89265453000007,13.100230933000034],[123.88332636900009,13.113843944000052],[123.87448224900004,13.112029144000076],[123.87993756000003,13.118858080000052]]]}},{"type":"Feature","properties":{"code":"0500511003","name":"Bamban","areaSqKm":15.8834377003,"municipalityCode":"0500511000","municipalityName":"Manito","provinceCode":"05005","provinceName":"Albay"},"geometry":{"type":"Polygon","coordinates":[[[123.86767840800007,13.117184071000054],[123.89261379300001,13.100430263000021],[123.89337585600003,13.037882468000078],[123.8843500370001,13.039971843000046],[123.86877441400009,13.070879277000074],[123.86767840800007,13.117184071000054]]]}},{"type":"Feature","properties":{"code":"0500511004","name":"Buyo","areaSqKm":13.4481562515,"municipalityCode":"0500511000","municipalityName":"Manito","provinceCode":"05005","provinceName":"Albay"},"geometry":{"type":"Polygon","coordinates":[[[123.86767840800007,13.117184071000054],[123.86870854500012,13.07116097200003],[123.8843500370001,13.039971843000046],[123.85599464400002,13.043243138000037],[123.85661305700012,13.108981974000073],[123.85984221300009,13.118379934000075],[123.86767840800007,13.117184071000054]]]}},{"type":"Feature","properties":{"code":"0500511005","name":"Cabacongan","areaSqKm":2.60297297571,"municipalityCode":"0500511000","municipalityName":"Manito","provinceCode":"05005","provinceName":"Albay"},"geometry":{"type":"Polygon","coordinates":[[[123.81771340700004,13.05654413600007],[123.85640220400012,13.046939483000074],[123.85599464400002,13.043243138000037],[123.81195387700006,13.05216394100006],[123.81771340700004,13.05654413600007]]]}},{"type":"Feature","properties":{"code":"0500511006","name":"Cabit","areaSqKm":4.94328750251,"municipalityCode":"0500511000","municipalityName":"Manito","provinceCode":"05005","provinceName":"Albay"},"geometry":{"type":"Polygon","coordinates":[[[123.92284434500004,13.122222435000026],[123.9300796330001,13.111079206000056],[123.92101326300008,13.083766269000023],[123.91173033500002,13.114606305000052],[123.92284434500004,13.122222435000026]]]}},{"type":"Feature","properties":{"code":"0500511007","name":"Cawayan","areaSqKm":7.00286453013,"municipalityCode":"0500511000","municipalityName":"Manito","provinceCode":"05005","provinceName":"Albay"},"geometry":{"type":"Polygon","coordinates":[[[123.82482957800005,13.068719764000036],[123.8569963970001,13.062042918000031],[123.85640220400012,13.046939483000074],[123.81325564600002,13.058213591000026],[123.82482957800005,13.068719764000036]]]}},{"type":"Feature","properties":{"code":"0500511008","name":"Cawit","areaSqKm":1.37154034709,"municipalityCode":"0500511000","municipalityName":"Manito","provinceCode":"05005","provinceName":"Albay"},"geometry":{"type":"Polygon","coordinates":[[[123.87420395400011,13.140428248000035],[123.87390188000006,13.127504166000051],[123.86241442300002,13.126701217000061],[123.86798340400003,13.139422513000056],[123.87420395400011,13.140428248000035]]]}},{"type":"Feature","properties":{"code":"0500511009","name":"Holugan","areaSqKm":2.7282160169,"municipalityCode":"0500511000","municipalityName":"Manito","provinceCode":"05005","provinceName":"Albay"},"geometry":{"type":"Polygon","coordinates":[[[123.9027229190001,13.141745959000048],[123.9108512680001,13.126585968000029],[123.90273764300002,13.117723150000074],[123.8940959470001,13.130692285000066],[123.9027229190001,13.141745959000048]]]}},{"type":"Feature","properties":{"code":"0500511010","name":"It-Ba","areaSqKm":1.66537391236,"municipalityCode":"0500511000","municipalityName":"Manito","provinceCode":"05005","provinceName":"Albay"},"geometry":{"type":"Polygon","coordinates":[[[123.86842020600011,13.13049415200004],[123.87853898600008,13.118847620000054],[123.8737824750001,13.115829647000055],[123.85984221300009,13.118379934000075],[123.86842020600011,13.13049415200004]]]}},{"type":"Feature","properties":{"code":"0500511011","name":"Malobago","areaSqKm":5.73501598188,"municipalityCode":"0500511000","municipalityName":"Manito","provinceCode":"05005","provinceName":"Albay"},"geometry":{"type":"Polygon","coordinates":[[[123.83919344800006,13.091456080000057],[123.85728858800007,13.073887432000049],[123.8569963970001,13.062042918000031],[123.82240530600006,13.06923901700003],[123.83919344800006,13.091456080000057]]]}},{"type":"Feature","properties":{"code":"0500511012","name":"Manumbalay","areaSqKm":2.27705838772,"municipalityCode":"0500511000","municipalityName":"Manito","provinceCode":"05005","provinceName":"Albay"},"geometry":{"type":"Polygon","coordinates":[[[123.8392988820001,13.110557407000044],[123.85702655800003,13.107888788000025],[123.85713784500001,13.08825115600007],[123.8392988820001,13.110557407000044]]]}},{"type":"Feature","properties":{"code":"0500511013","name":"Nagotgot","areaSqKm":8.90270429528,"municipalityCode":"0500511000","municipalityName":"Manito","provinceCode":"05005","provinceName":"Albay"},"geometry":{"type":"Polygon","coordinates":[[[123.90795734700009,13.118146892000027],[123.92119923200005,13.08621056800007],[123.9146217120001,13.051813440000046],[123.90240365800003,13.038820376000047],[123.91268664400002,13.078828925000039],[123.90547908300005,13.10825002200005],[123.89689018100012,13.111110256000075],[123.90795734700009,13.118146892000027]]]}},{"type":"Feature","properties":{"code":"0500511015","name":"Pawa","areaSqKm":7.50527805417,"municipalityCode":"0500511000","municipalityName":"Manito","provinceCode":"05005","provinceName":"Albay"},"geometry":{"type":"Polygon","coordinates":[[[123.879537163,13.143200483000044],[123.89837279200003,13.139180285000066],[123.89410648700004,13.130609184000036],[123.90303213200002,13.11886977200004],[123.89689018100012,13.111110256000075],[123.87406300300006,13.122023661000071],[123.879537163,13.143200483000044]]]}},{"type":"Feature","properties":{"code":"0500511018","name":"Tinapian","areaSqKm":4.25067225651,"municipalityCode":"0500511000","municipalityName":"Manito","provinceCode":"05005","provinceName":"Albay"},"geometry":{"type":"Polygon","coordinates":[[[123.83947142200009,13.11037338400007],[123.85713784500001,13.08825115600007],[123.85728858800007,13.073887432000049],[123.83541130200001,13.09754392900004],[123.83947142200009,13.11037338400007]]]}},{"type":"Feature","properties":{"code":"0500512001","name":"Badbad","areaSqKm":3.95244112039,"municipalityCode":"0500512000","municipalityName":"Oas","provinceCode":"05005","provinceName":"Albay"},"geometry":{"type":"Polygon","coordinates":[[[123.40548316200011,13.20826392400005],[123.41942057800009,13.186719803000074],[123.40843537800004,13.183291636000035],[123.39137150200008,13.193669518000036],[123.40548316200011,13.20826392400005]]]}},{"type":"Feature","properties":{"code":"0500512002","name":"Badian","areaSqKm":5.60544316323,"municipalityCode":"0500512000","municipalityName":"Oas","provinceCode":"05005","provinceName":"Albay"},"geometry":{"type":"Polygon","coordinates":[[[123.33371741300004,13.04016770100003],[123.30816665400005,13.024261673000069],[123.30061940100006,13.039170930000068],[123.332711904,13.047430905000056],[123.33371741300004,13.04016770100003]]]}},{"type":"Feature","properties":{"code":"0500512003","name":"Bagsa","areaSqKm":1.93619723739,"municipalityCode":"0500512000","municipalityName":"Oas","provinceCode":"05005","provinceName":"Albay"},"geometry":{"type":"Polygon","coordinates":[[[123.49576294300005,13.273110515000042],[123.51570825400006,13.267581190000044],[123.51426423500004,13.262587222000036],[123.4999980770001,13.260422611000024],[123.49576294300005,13.273110515000042]]]}},{"type":"Feature","properties":{"code":"0500512004","name":"Bagumbayan","areaSqKm":1.1274256427,"municipalityCode":"0500512000","municipalityName":"Oas","provinceCode":"05005","provinceName":"Albay"},"geometry":{"type":"Polygon","coordinates":[[[123.51426423500004,13.262587222000036],[123.51917669700003,13.248924756000065],[123.50788303000002,13.260403577000034],[123.51426423500004,13.262587222000036]]]}},{"type":"Feature","properties":{"code":"0500512005","name":"Balogo","areaSqKm":17.6244615062,"municipalityCode":"0500512000","municipalityName":"Oas","provinceCode":"05005","provinceName":"Albay"},"geometry":{"type":"Polygon","coordinates":[[[123.58652160100007,13.354990773000054],[123.59884972900011,13.31534361100006],[123.56814503300006,13.295985322000035],[123.5629354780001,13.284627403000059],[123.5491950170001,13.27645078200004],[123.53179726600001,13.28249794800007],[123.55705553500002,13.301821388000064],[123.58652160100007,13.354990773000054]]]}},{"type":"Feature","properties":{"code":"0500512008","name":"Banao","areaSqKm":3.12942615893,"municipalityCode":"0500512000","municipalityName":"Oas","provinceCode":"05005","provinceName":"Albay"},"geometry":{"type":"Polygon","coordinates":[[[123.441020535,13.24123441300003],[123.45451576800008,13.217935732000058],[123.44025620800005,13.219614654000054],[123.43507526400003,13.235391184000036],[123.441020535,13.24123441300003]]]}},{"type":"Feature","properties":{"code":"0500512009","name":"Bangiawon","areaSqKm":3.75487578497,"municipalityCode":"0500512000","municipalityName":"Oas","provinceCode":"05005","provinceName":"Albay"},"geometry":{"type":"Polygon","coordinates":[[[123.40342888700002,13.173306407000041],[123.3851279160001,13.16847819800006],[123.38191972700008,13.190001399000039],[123.38917697200009,13.187412558000062],[123.39137150200008,13.193669518000036],[123.40342888700002,13.173306407000041]]]}},{"type":"Feature","properties":{"code":"0500512011","name":"Bogtong","areaSqKm":9.92466093668,"municipalityCode":"0500512000","municipalityName":"Oas","provinceCode":"05005","provinceName":"Albay"},"geometry":{"type":"Polygon","coordinates":[[[123.371965111,13.087680039000077],[123.34702873600008,13.058594787000061],[123.34959205900009,13.047295379000047],[123.33371741300004,13.04016770100003],[123.32904738800005,13.073993850000022],[123.371965111,13.087680039000077]]]}},{"type":"Feature","properties":{"code":"0500512010","name":"Bongoran","areaSqKm":1.38871136481,"municipalityCode":"0500512000","municipalityName":"Oas","provinceCode":"05005","provinceName":"Albay"},"geometry":{"type":"Polygon","coordinates":[[[123.49984845400002,13.255955506000078],[123.51107639500003,13.249454479000065],[123.51373964000004,13.245939519000046],[123.50175806100003,13.244167318000052],[123.49984845400002,13.255955506000078]]]}},{"type":"Feature","properties":{"code":"0500512012","name":"Busac","areaSqKm":3.0760052522,"municipalityCode":"0500512000","municipalityName":"Oas","provinceCode":"05005","provinceName":"Albay"},"geometry":{"type":"Polygon","coordinates":[[[123.46487252300005,13.283879637000041],[123.4821228730001,13.276873831000046],[123.47911859300007,13.257780074000038],[123.46653285000002,13.269123881000041],[123.46487252300005,13.283879637000041]]]}},{"type":"Feature","properties":{"code":"0500512013","name":"Cadawag","areaSqKm":22.5920207844,"municipalityCode":"0500512000","municipalityName":"Oas","provinceCode":"05005","provinceName":"Albay"},"geometry":{"type":"Polygon","coordinates":[[[123.37315116200011,13.145000744000072],[123.36218675600003,13.13158831800007],[123.32541118300003,13.116043300000058],[123.31743590600001,13.144589902000064],[123.3592344540001,13.176401601000066],[123.37315116200011,13.145000744000072]]]}},{"type":"Feature","properties":{"code":"0500512014","name":"Cagmanaba","areaSqKm":13.0811046419,"municipalityCode":"0500512000","municipalityName":"Oas","provinceCode":"05005","provinceName":"Albay"},"geometry":{"type":"Polygon","coordinates":[[[123.32904738800005,13.073993850000022],[123.332711904,13.047430905000056],[123.30332156400004,13.042424668000024],[123.29616458400005,13.05546490200004],[123.28072276500006,13.05764362900004],[123.29721847700011,13.07331842700006],[123.32904738800005,13.073993850000022]]]}},{"type":"Feature","properties":{"code":"0500512015","name":"Calaguimit","areaSqKm":8.2241670776,"municipalityCode":"0500512000","municipalityName":"Oas","provinceCode":"05005","provinceName":"Albay"},"geometry":{"type":"Polygon","coordinates":[[[123.404946515,13.149054995000029],[123.42552713600003,13.13782707300004],[123.39005506400008,13.109159341000066],[123.38177243000007,13.127125893000027],[123.40570233800008,13.14066331500004],[123.404946515,13.149054995000029]]]}},{"type":"Feature","properties":{"code":"0500512016","name":"Calpi","areaSqKm":2.9219527036,"municipalityCode":"0500512000","municipalityName":"Oas","provinceCode":"05005","provinceName":"Albay"},"geometry":{"type":"Polygon","coordinates":[[[123.45887353900002,13.246437968000066],[123.46059298300008,13.237064385000053],[123.47197658200002,13.234404909000034],[123.45442596500004,13.22743801300004],[123.441020535,13.24123441300003],[123.45887353900002,13.246437968000066]]]}},{"type":"Feature","properties":{"code":"0500512017","name":"Calzada","areaSqKm":0.59437700944,"municipalityCode":"0500512000","municipalityName":"Oas","provinceCode":"05005","provinceName":"Albay"},"geometry":{"type":"Polygon","coordinates":[[[123.50841955300007,13.254476036000028],[123.51531127800001,13.244895600000063],[123.50627803900011,13.251095368000051],[123.50841955300007,13.254476036000028]]]}},{"type":"Feature","properties":{"code":"0500512018","name":"Camagong","areaSqKm":3.95268043069,"municipalityCode":"0500512000","municipalityName":"Oas","provinceCode":"05005","provinceName":"Albay"},"geometry":{"type":"Polygon","coordinates":[[[123.47527878100004,13.232328856000038],[123.47174740300011,13.218097629000056],[123.46314926800005,13.212732393000067],[123.45451576800008,13.217935732000058],[123.4629773050001,13.234158945000047],[123.47527878100004,13.232328856000038]]]}},{"type":"Feature","properties":{"code":"0500512019","name":"Casinagan","areaSqKm":4.59766782303,"municipalityCode":"0500512000","municipalityName":"Oas","provinceCode":"05005","provinceName":"Albay"},"geometry":{"type":"Polygon","coordinates":[[[123.43099572900007,13.165131220000035],[123.44132949200002,13.151717959000052],[123.42552713600003,13.13782707300004],[123.41834062700002,13.159720746000062],[123.43099572900007,13.165131220000035]]]}},{"type":"Feature","properties":{"code":"0500512020","name":"Centro Poblacion","areaSqKm":0.0228500798503,"municipalityCode":"0500512000","municipalityName":"Oas","provinceCode":"05005","provinceName":"Albay"},"geometry":{"type":"Polygon","coordinates":[[[123.49984845400002,13.255955506000078],[123.50137471200003,13.256738906000066],[123.5012102710001,13.255079753000075],[123.49984845400002,13.255955506000078]]]}},{"type":"Feature","properties":{"code":"0500512021","name":"Coliat","areaSqKm":1.86077619512,"municipalityCode":"0500512000","municipalityName":"Oas","provinceCode":"05005","provinceName":"Albay"},"geometry":{"type":"Polygon","coordinates":[[[123.44025620800005,13.219614654000054],[123.46314926800005,13.212732393000067],[123.45583520600007,13.201614162000055],[123.44025620800005,13.219614654000054]]]}},{"type":"Feature","properties":{"code":"0500512022","name":"Del Rosario","areaSqKm":3.29733618525,"municipalityCode":"0500512000","municipalityName":"Oas","provinceCode":"05005","provinceName":"Albay"},"geometry":{"type":"Polygon","coordinates":[[[123.43507526400003,13.235391184000036],[123.44028881200006,13.210832698000047],[123.42457410500003,13.221394088000068],[123.43507526400003,13.235391184000036]]]}},{"type":"Feature","properties":{"code":"0500512023","name":"Gumabao","areaSqKm":2.71024300237,"municipalityCode":"0500512000","municipalityName":"Oas","provinceCode":"05005","provinceName":"Albay"},"geometry":{"type":"Polygon","coordinates":[[[123.463294904,13.25618594100007],[123.47593475000008,13.239552131000039],[123.47394852500008,13.235156329000063],[123.45929349300002,13.238690481000049],[123.463294904,13.25618594100007]]]}},{"type":"Feature","properties":{"code":"0500512024","name":"Ilaor Norte","areaSqKm":0.756890705973,"municipalityCode":"0500512000","municipalityName":"Oas","provinceCode":"05005","provinceName":"Albay"},"geometry":{"type":"Polygon","coordinates":[[[123.49323717100003,13.259225439000033],[123.49208951500009,13.275393974000053],[123.49698206900007,13.257256658000074],[123.49323717100003,13.259225439000033]]]}},{"type":"Feature","properties":{"code":"0500512025","name":"Ilaor Sur","areaSqKm":0.53236862776,"municipalityCode":"0500512000","municipalityName":"Oas","provinceCode":"05005","provinceName":"Albay"},"geometry":{"type":"Polygon","coordinates":[[[123.49216766900008,13.274835755000026],[123.4999980770001,13.260422611000024],[123.49984845400002,13.255955506000078],[123.49216766900008,13.274835755000026]]]}},{"type":"Feature","properties":{"code":"0500512026","name":"Iraya Norte","areaSqKm":0.374729856445,"municipalityCode":"0500512000","municipalityName":"Oas","provinceCode":"05005","provinceName":"Albay"},"geometry":{"type":"Polygon","coordinates":[[[123.4999980770001,13.260422611000024],[123.50652685500006,13.25589212500006],[123.49948167100001,13.258178529000077],[123.4999980770001,13.260422611000024]]]}},{"type":"Feature","properties":{"code":"0500512027","name":"Iraya Sur","areaSqKm":0.0753117943928,"municipalityCode":"0500512000","municipalityName":"Oas","provinceCode":"05005","provinceName":"Albay"},"geometry":{"type":"Polygon","coordinates":[[[123.5012102710001,13.255079753000075],[123.50467963000006,13.256257556000037],[123.50422407400004,13.254218035000065],[123.5012102710001,13.255079753000075]]]}},{"type":"Feature","properties":{"code":"0500512028","name":"Manga","areaSqKm":1.98821945116,"municipalityCode":"0500512000","municipalityName":"Oas","provinceCode":"05005","provinceName":"Albay"},"geometry":{"type":"Polygon","coordinates":[[[123.46887837300005,13.273999114000048],[123.46208557000011,13.256624524000074],[123.45116479800004,13.266913114000033],[123.4638878180001,13.27778715200003],[123.46887837300005,13.273999114000048]]]}},{"type":"Feature","properties":{"code":"0500512029","name":"Maporong","areaSqKm":1.32668535275,"municipalityCode":"0500512000","municipalityName":"Oas","provinceCode":"05005","provinceName":"Albay"},"geometry":{"type":"Polygon","coordinates":[[[123.53301598700011,13.261482084000022],[123.52253922500006,13.252686504000053],[123.51426423500004,13.262587222000036],[123.52386365000007,13.262793502000022],[123.53301598700011,13.261482084000022]]]}},{"type":"Feature","properties":{"code":"0500512030","name":"Maramba","areaSqKm":8.24993165612,"municipalityCode":"0500512000","municipalityName":"Oas","provinceCode":"05005","provinceName":"Albay"},"geometry":{"type":"Polygon","coordinates":[[[123.31743590600001,13.144589902000064],[123.32541118300003,13.116043300000058],[123.29039146200012,13.112799379000023],[123.29223701100011,13.131820215000062],[123.31743590600001,13.144589902000064]]]}},{"type":"Feature","properties":{"code":"0500512032","name":"Matambo","areaSqKm":1.69767702278,"municipalityCode":"0500512000","municipalityName":"Oas","provinceCode":"05005","provinceName":"Albay"},"geometry":{"type":"Polygon","coordinates":[[[123.52721706700004,13.272190676000037],[123.53301598700011,13.261482084000022],[123.51426423500004,13.262587222000036],[123.51591123100002,13.268204619000073],[123.52721706700004,13.272190676000037]]]}},{"type":"Feature","properties":{"code":"0500512033","name":"Mayag","areaSqKm":4.33490825635,"municipalityCode":"0500512000","municipalityName":"Oas","provinceCode":"05005","provinceName":"Albay"},"geometry":{"type":"Polygon","coordinates":[[[123.41373351300001,13.164777488000027],[123.3896702290001,13.151615555000035],[123.3851279160001,13.16847819800006],[123.40342888700002,13.173306407000041],[123.41373351300001,13.164777488000027]]]}},{"type":"Feature","properties":{"code":"0500512034","name":"Mayao","areaSqKm":2.43904685496,"municipalityCode":"0500512000","municipalityName":"Oas","provinceCode":"05005","provinceName":"Albay"},"geometry":{"type":"Polygon","coordinates":[[[123.4821228730001,13.276873831000046],[123.49336833100006,13.259704180000028],[123.48070474200006,13.252912244000072],[123.4821228730001,13.276873831000046]]]}},{"type":"Feature","properties":{"code":"0500512031","name":"Moroponros","areaSqKm":8.68679565478,"municipalityCode":"0500512000","municipalityName":"Oas","provinceCode":"05005","provinceName":"Albay"},"geometry":{"type":"Polygon","coordinates":[[[123.38061845400011,13.184830116000057],[123.3896702290001,13.151615555000035],[123.37315116200011,13.145000744000072],[123.3592344540001,13.176401601000066],[123.38061845400011,13.184830116000057]]]}},{"type":"Feature","properties":{"code":"0500512035","name":"Nagas","areaSqKm":9.01336297726,"municipalityCode":"0500512000","municipalityName":"Oas","provinceCode":"05005","provinceName":"Albay"},"geometry":{"type":"Polygon","coordinates":[[[123.3274623750001,13.094226069000058],[123.2967945370001,13.090524350000067],[123.28838487500002,13.108800704000032],[123.32541118300003,13.116043300000058],[123.3274623750001,13.094226069000058]]]}},{"type":"Feature","properties":{"code":"0500512037","name":"Obaliw-Rinas","areaSqKm":0.5412786261,"municipalityCode":"0500512000","municipalityName":"Oas","provinceCode":"05005","provinceName":"Albay"},"geometry":{"type":"Polygon","coordinates":[[[123.49108558500006,13.249575138000068],[123.49965194300012,13.25614041600005],[123.49361918600005,13.248168742000075],[123.49108558500006,13.249575138000068]]]}},{"type":"Feature","properties":{"code":"0500512038","name":"Pistola","areaSqKm":2.11011125182,"municipalityCode":"0500512000","municipalityName":"Oas","provinceCode":"05005","provinceName":"Albay"},"geometry":{"type":"Polygon","coordinates":[[[123.48200013300004,13.237932895000029],[123.48868567500006,13.224066447000041],[123.47453319800002,13.218544732000055],[123.47494319600003,13.235982682000042],[123.48200013300004,13.237932895000029]]]}},{"type":"Feature","properties":{"code":"0500512039","name":"Ramay","areaSqKm":4.06900026809,"municipalityCode":"0500512000","municipalityName":"Oas","provinceCode":"05005","provinceName":"Albay"},"geometry":{"type":"Polygon","coordinates":[[[123.39137150200008,13.193669518000036],[123.39787210500003,13.18476838500004],[123.41942057800009,13.186719803000074],[123.4264890610001,13.172267670000053],[123.40342888700002,13.173306407000041],[123.39137150200008,13.193669518000036]]]}},{"type":"Feature","properties":{"code":"0500512040","name":"Rizal","areaSqKm":0.144781740031,"municipalityCode":"0500512000","municipalityName":"Oas","provinceCode":"05005","provinceName":"Albay"},"geometry":{"type":"Polygon","coordinates":[[[123.50422407400004,13.254218035000065],[123.50841955300007,13.254476036000028],[123.50627803900011,13.251095368000051],[123.50422407400004,13.254218035000065]]]}},{"type":"Feature","properties":{"code":"0500512041","name":"Saban","areaSqKm":2.65823553073,"municipalityCode":"0500512000","municipalityName":"Oas","provinceCode":"05005","provinceName":"Albay"},"geometry":{"type":"Polygon","coordinates":[[[123.46771481400003,13.268675560000077],[123.47911859300007,13.257780074000038],[123.47196814200004,13.254088608000075],[123.47359429900007,13.243588191000072],[123.46208557000011,13.256624524000074],[123.46771481400003,13.268675560000077]]]}},{"type":"Feature","properties":{"code":"0500512042","name":"San Agustin","areaSqKm":1.73968426829,"municipalityCode":"0500512000","municipalityName":"Oas","provinceCode":"05005","provinceName":"Albay"},"geometry":{"type":"Polygon","coordinates":[[[123.49567010900012,13.27316146100003],[123.518553644,13.277294881000046],[123.5158749850001,13.267704426000023],[123.49567010900012,13.27316146100003]]]}},{"type":"Feature","properties":{"code":"0500512043","name":"San Antonio","areaSqKm":31.853674401,"municipalityCode":"0500512000","municipalityName":"Oas","provinceCode":"05005","provinceName":"Albay"},"geometry":{"type":"Polygon","coordinates":[[[123.37315116200011,13.145000744000072],[123.39005506400008,13.109159341000066],[123.38627153100003,13.10106457300003],[123.371965111,13.087680039000077],[123.32904738800005,13.073993850000022],[123.32541118300003,13.116043300000058],[123.36218675600003,13.13158831800007],[123.37315116200011,13.145000744000072]]]}},{"type":"Feature","properties":{"code":"0500512044","name":"San Isidro","areaSqKm":3.01381354804,"municipalityCode":"0500512000","municipalityName":"Oas","provinceCode":"05005","provinceName":"Albay"},"geometry":{"type":"Polygon","coordinates":[[[123.47541696300004,13.255222970000034],[123.49359818300002,13.248180604000027],[123.488904939,13.23813509100006],[123.47416228500003,13.236619142000052],[123.47541696300004,13.255222970000034]]]}},{"type":"Feature","properties":{"code":"0500512045","name":"San Jose","areaSqKm":3.93079733803,"municipalityCode":"0500512000","municipalityName":"Oas","provinceCode":"05005","provinceName":"Albay"},"geometry":{"type":"Polygon","coordinates":[[[123.45583520600007,13.201614162000055],[123.45628154400003,13.186184967000031],[123.45080528300002,13.181100678000064],[123.44028881200006,13.210832698000047],[123.44522405000009,13.213999749000038],[123.45583520600007,13.201614162000055]]]}},{"type":"Feature","properties":{"code":"0500512046","name":"San Juan","areaSqKm":2.15721336972,"municipalityCode":"0500512000","municipalityName":"Oas","provinceCode":"05005","provinceName":"Albay"},"geometry":{"type":"Polygon","coordinates":[[[123.49476709800001,13.249681285000065],[123.50175806100003,13.244167318000052],[123.48868567500006,13.224066447000041],[123.48200013300004,13.237932895000029],[123.49476709800001,13.249681285000065]]]}},{"type":"Feature","properties":{"code":"0500512047","name":"San Miguel","areaSqKm":2.05600119314,"municipalityCode":"0500512000","municipalityName":"Oas","provinceCode":"05005","provinceName":"Albay"},"geometry":{"type":"Polygon","coordinates":[[[123.40342888700002,13.173306407000041],[123.4264890610001,13.172267670000053],[123.4286546290001,13.168661412000063],[123.41834062700002,13.159720746000062],[123.40342888700002,13.173306407000041]]]}},{"type":"Feature","properties":{"code":"0500512036","name":"San Pascual","areaSqKm":3.03723492038,"municipalityCode":"0500512000","municipalityName":"Oas","provinceCode":"05005","provinceName":"Albay"},"geometry":{"type":"Polygon","coordinates":[[[123.441106869,13.190090443000031],[123.45049064600005,13.181517517000032],[123.42660324000008,13.17204670700005],[123.42333054000005,13.183112078000022],[123.43851556900006,13.183560038000053],[123.441106869,13.190090443000031]]]}},{"type":"Feature","properties":{"code":"0500512049","name":"San Ramon","areaSqKm":1.72789790304,"municipalityCode":"0500512000","municipalityName":"Oas","provinceCode":"05005","provinceName":"Albay"},"geometry":{"type":"Polygon","coordinates":[[[123.53059749300007,13.276105716000075],[123.5491950170001,13.27645078200004],[123.53301598700011,13.261482084000022],[123.53059749300007,13.276105716000075]]]}},{"type":"Feature","properties":{"code":"0500512050","name":"San Vicente","areaSqKm":2.07031632173,"municipalityCode":"0500512000","municipalityName":"Oas","provinceCode":"05005","provinceName":"Albay"},"geometry":{"type":"Polygon","coordinates":[[[123.51124278500004,13.244845112000064],[123.49919587700003,13.22808449200005],[123.49224946200002,13.224283402000026],[123.49686849200009,13.240200887000071],[123.51124278500004,13.244845112000064]]]}},{"type":"Feature","properties":{"code":"0500512056","name":"Tablon","areaSqKm":6.565930184,"municipalityCode":"0500512000","municipalityName":"Oas","provinceCode":"05005","provinceName":"Albay"},"geometry":{"type":"Polygon","coordinates":[[[123.40360188800003,13.155872661000046],[123.40570233800008,13.14066331500004],[123.38177243000007,13.127125893000027],[123.37315116200011,13.145000744000072],[123.40360188800003,13.155872661000046]]]}},{"type":"Feature","properties":{"code":"0500512051","name":"Talisay","areaSqKm":2.33337411347,"municipalityCode":"0500512000","municipalityName":"Oas","provinceCode":"05005","provinceName":"Albay"},"geometry":{"type":"Polygon","coordinates":[[[123.4031523320001,13.156871297000066],[123.41753209300009,13.162634070000024],[123.42030385700002,13.145714547000068],[123.4031523320001,13.156871297000066]]]}},{"type":"Feature","properties":{"code":"0500512052","name":"Talongog","areaSqKm":0.752519154499,"municipalityCode":"0500512000","municipalityName":"Oas","provinceCode":"05005","provinceName":"Albay"},"geometry":{"type":"Polygon","coordinates":[[[123.48494016900008,13.255088249000039],[123.49552853800003,13.257597156000031],[123.49108558500006,13.249575138000068],[123.48494016900008,13.255088249000039]]]}},{"type":"Feature","properties":{"code":"0500512053","name":"Tapel","areaSqKm":7.34134954035,"municipalityCode":"0500512000","municipalityName":"Oas","provinceCode":"05005","provinceName":"Albay"},"geometry":{"type":"Polygon","coordinates":[[[123.32904738800005,13.073993850000022],[123.29399863700007,13.072609002000036],[123.29505524900003,13.091397372000074],[123.3274623750001,13.094226069000058],[123.32904738800005,13.073993850000022]]]}},{"type":"Feature","properties":{"code":"0500512054","name":"Tobgon","areaSqKm":10.7920246416,"municipalityCode":"0500512000","municipalityName":"Oas","provinceCode":"05005","provinceName":"Albay"},"geometry":{"type":"Polygon","coordinates":[[[123.42457410500003,13.221394088000068],[123.44028881200006,13.210832698000047],[123.44314222500009,13.189707162000047],[123.42950269300002,13.180918122000037],[123.42067231600004,13.183268793000025],[123.40548316200011,13.20826392400005],[123.42457410500003,13.221394088000068]]]}},{"type":"Feature","properties":{"code":"0500512055","name":"Tobog","areaSqKm":0.850149621168,"municipalityCode":"0500512000","municipalityName":"Oas","provinceCode":"05005","provinceName":"Albay"},"geometry":{"type":"Polygon","coordinates":[[[123.51962585700005,13.27771045000003],[123.53059749300007,13.276105716000075],[123.53228742400006,13.272050591000038],[123.51667239400001,13.26742895700005],[123.51962585700005,13.27771045000003]]]}},{"type":"Feature","properties":{"code":"0500513001","name":"Agol","areaSqKm":5.1856027605,"municipalityCode":"0500513000","municipalityName":"Pio Duran","provinceCode":"05005","provinceName":"Albay"},"geometry":{"type":"Polygon","coordinates":[[[123.48510838700008,13.089733534000061],[123.47174972800008,13.07073884500005],[123.4490515870001,13.082854459000032],[123.46050109300006,13.090886395000041],[123.48510838700008,13.089733534000061]]]}},{"type":"Feature","properties":{"code":"0500513002","name":"Alabangpuro","areaSqKm":2.41617804836,"municipalityCode":"0500513000","municipalityName":"Pio Duran","provinceCode":"05005","provinceName":"Albay"},"geometry":{"type":"Polygon","coordinates":[[[123.47913298900005,13.053595993000044],[123.49554565200003,13.043596441000034],[123.48999873200012,13.033388178000052],[123.47647944100004,13.046026028000028],[123.47913298900005,13.053595993000044]]]}},{"type":"Feature","properties":{"code":"0500513005","name":"Banawan","areaSqKm":2.22938860741,"municipalityCode":"0500513000","municipalityName":"Pio Duran","provinceCode":"05005","provinceName":"Albay"},"geometry":{"type":"Polygon","coordinates":[[[123.44509314700008,13.042551166000067],[123.45189777900009,13.034340875000055],[123.44693022600006,13.030981393000047],[123.43613387500011,13.029511394000053],[123.42837245700002,13.038049896000075],[123.44509314700008,13.042551166000067]]]}},{"type":"Feature","properties":{"code":"0500513023","name":"Barangay I","areaSqKm":1.18791138462,"municipalityCode":"0500513000","municipalityName":"Pio Duran","provinceCode":"05005","provinceName":"Albay"},"geometry":{"type":"Polygon","coordinates":[[[123.46082363300002,13.032720852000068],[123.45411803500008,13.020677722000073],[123.44796121800005,13.027017304000026],[123.45189777900009,13.034340875000055],[123.46082363300002,13.032720852000068]]]}},{"type":"Feature","properties":{"code":"0500513024","name":"Barangay II","areaSqKm":0.194081665976,"municipalityCode":"0500513000","municipalityName":"Pio Duran","provinceCode":"05005","provinceName":"Albay"},"geometry":{"type":"Polygon","coordinates":[[[123.44942618000005,13.029518286000041],[123.44553132300007,13.028140374000031],[123.45189777900009,13.034340875000055],[123.44942618000005,13.029518286000041]]]}},{"type":"Feature","properties":{"code":"0500513025","name":"Barangay III","areaSqKm":0.0627193594711,"municipalityCode":"0500513000","municipalityName":"Pio Duran","provinceCode":"05005","provinceName":"Albay"},"geometry":{"type":"Polygon","coordinates":[[[123.44555407100006,13.031420859000036],[123.44553132300007,13.028140374000031],[123.44391324900005,13.02796328900007],[123.44555407100006,13.031420859000036]]]}},{"type":"Feature","properties":{"code":"0500513026","name":"Barangay IV","areaSqKm":0.0747857626586,"municipalityCode":"0500513000","municipalityName":"Pio Duran","provinceCode":"05005","provinceName":"Albay"},"geometry":{"type":"Polygon","coordinates":[[[123.44314723900004,13.032025216000022],[123.44376017500008,13.028442763000044],[123.44310424700006,13.027996780000024],[123.44314723900004,13.032025216000022]]]}},{"type":"Feature","properties":{"code":"0500513027","name":"Barangay V","areaSqKm":0.168018210592,"municipalityCode":"0500513000","municipalityName":"Pio Duran","provinceCode":"05005","provinceName":"Albay"},"geometry":{"type":"Polygon","coordinates":[[[123.43818433000001,13.031895856000062],[123.44238279600006,13.029038530000037],[123.4364047580001,13.029472178000049],[123.43818433000001,13.031895856000062]]]}},{"type":"Feature","properties":{"code":"0500513003","name":"Basicao Coastal","areaSqKm":10.5450195465,"municipalityCode":"0500513000","municipalityName":"Pio Duran","provinceCode":"05005","provinceName":"Albay"},"geometry":{"type":"Polygon","coordinates":[[[123.41572541000005,13.074423325000055],[123.41301643300005,13.043848431000072],[123.40078622200008,13.044613797000068],[123.39236092300007,13.032972655000037],[123.39078907400005,13.080241631000035],[123.41572541000005,13.074423325000055]]]}},{"type":"Feature","properties":{"code":"0500513004","name":"Basicao Interior","areaSqKm":3.54389684017,"municipalityCode":"0500513000","municipalityName":"Pio Duran","provinceCode":"05005","provinceName":"Albay"},"geometry":{"type":"Polygon","coordinates":[[[123.48710808500005,13.092437121000046],[123.49592405100009,13.078982908000057],[123.47174972800008,13.07073884500005],[123.48710808500005,13.092437121000046]]]}},{"type":"Feature","properties":{"code":"0500513006","name":"Binodegahan","areaSqKm":7.15162622395,"municipalityCode":"0500513000","municipalityName":"Pio Duran","provinceCode":"05005","provinceName":"Albay"},"geometry":{"type":"Polygon","coordinates":[[[123.4490515870001,13.082854459000032],[123.47174972800008,13.07073884500005],[123.47342957700005,13.057646877000025],[123.46290198800011,13.048778656000025],[123.44974874200011,13.059125318000042],[123.44352812600005,13.079191277000064],[123.4490515870001,13.082854459000032]]]}},{"type":"Feature","properties":{"code":"0500513007","name":"Buenavista","areaSqKm":3.43390044373,"municipalityCode":"0500513000","municipalityName":"Pio Duran","provinceCode":"05005","provinceName":"Albay"},"geometry":{"type":"Polygon","coordinates":[[[123.4804922510001,13.00963123200006],[123.49216108500002,13.000911147000068],[123.48226570000008,12.988444596000022],[123.46983841200006,12.996885899000063],[123.4804922510001,13.00963123200006]]]}},{"type":"Feature","properties":{"code":"0500513008","name":"Buyo","areaSqKm":6.42888524118,"municipalityCode":"0500513000","municipalityName":"Pio Duran","provinceCode":"05005","provinceName":"Albay"},"geometry":{"type":"Polygon","coordinates":[[[123.54697734400008,13.062398588000065],[123.52836844100011,13.044929602000025],[123.50457415200003,13.046126663000052],[123.50682827800006,13.056064531000061],[123.52834935800001,13.065617734000057],[123.54697734400008,13.062398588000065]]]}},{"type":"Feature","properties":{"code":"0500513009","name":"Caratagan","areaSqKm":3.46672643192,"municipalityCode":"0500513000","municipalityName":"Pio Duran","provinceCode":"05005","provinceName":"Albay"},"geometry":{"type":"Polygon","coordinates":[[[123.44974874200011,13.059125318000042],[123.46812930800002,13.045882276000043],[123.46387073800008,13.032359919000044],[123.44509314700008,13.042551166000067],[123.44974874200011,13.059125318000042]]]}},{"type":"Feature","properties":{"code":"0500513010","name":"Cuyaoyao","areaSqKm":5.30458234917,"municipalityCode":"0500513000","municipalityName":"Pio Duran","provinceCode":"05005","provinceName":"Albay"},"geometry":{"type":"Polygon","coordinates":[[[123.4823884430001,13.099382494000054],[123.48510838700008,13.089733534000061],[123.45369156400011,13.086119620000034],[123.4480273480001,13.098761335000063],[123.46726960800004,13.106209585000045],[123.4823884430001,13.099382494000054]]]}},{"type":"Feature","properties":{"code":"0500513011","name":"Flores","areaSqKm":6.18949731957,"municipalityCode":"0500513000","municipalityName":"Pio Duran","provinceCode":"05005","provinceName":"Albay"},"geometry":{"type":"Polygon","coordinates":[[[123.44591206000007,13.103859503000024],[123.45369156400011,13.086119620000034],[123.44352812600005,13.079191277000064],[123.41598201400006,13.101377671000023],[123.44591206000007,13.103859503000024]]]}},{"type":"Feature","properties":{"code":"0500513033","name":"La Medalla","areaSqKm":5.00112171277,"municipalityCode":"0500513000","municipalityName":"Pio Duran","provinceCode":"05005","provinceName":"Albay"},"geometry":{"type":"Polygon","coordinates":[[[123.44352812600005,13.079191277000064],[123.45175866600005,13.04871229400004],[123.44067814000005,13.043210135000038],[123.4318476410001,13.07291884600005],[123.44352812600005,13.079191277000064]]]}},{"type":"Feature","properties":{"code":"0500513012","name":"Lawinon","areaSqKm":3.90826350342,"municipalityCode":"0500513000","municipalityName":"Pio Duran","provinceCode":"05005","provinceName":"Albay"},"geometry":{"type":"Polygon","coordinates":[[[123.47718562200009,13.01335389600007],[123.49526658500008,13.020224150000047],[123.50589231100003,13.007606311000075],[123.49216108500002,13.000911147000068],[123.47718562200009,13.01335389600007]]]}},{"type":"Feature","properties":{"code":"0500513013","name":"Macasitas","areaSqKm":2.31034271202,"municipalityCode":"0500513000","municipalityName":"Pio Duran","provinceCode":"05005","provinceName":"Albay"},"geometry":{"type":"Polygon","coordinates":[[[123.49415583600012,13.05949122100003],[123.50682827800006,13.056064531000061],[123.50457415200003,13.046126663000052],[123.49554565200003,13.043596441000034],[123.48961603600003,13.051946501000032],[123.49415583600012,13.05949122100003]]]}},{"type":"Feature","properties":{"code":"0500513014","name":"Malapay","areaSqKm":4.17003291627,"municipalityCode":"0500513000","municipalityName":"Pio Duran","provinceCode":"05005","provinceName":"Albay"},"geometry":{"type":"Polygon","coordinates":[[[123.49613163200002,13.078917319000027],[123.50540258100011,13.07470991300005],[123.50682827800006,13.056064531000061],[123.48148590100004,13.07013437300003],[123.49613163200002,13.078917319000027]]]}},{"type":"Feature","properties":{"code":"0500513015","name":"Malidong","areaSqKm":5.82738286267,"municipalityCode":"0500513000","municipalityName":"Pio Duran","provinceCode":"05005","provinceName":"Albay"},"geometry":{"type":"Polygon","coordinates":[[[123.4629290040001,13.032676824000077],[123.47974573700003,13.020543684000074],[123.46983841200006,12.996885899000063],[123.45411803500008,13.020677722000073],[123.4629290040001,13.032676824000077]]]}},{"type":"Feature","properties":{"code":"0500513016","name":"Mamlad","areaSqKm":2.77830445199,"municipalityCode":"0500513000","municipalityName":"Pio Duran","provinceCode":"05005","provinceName":"Albay"},"geometry":{"type":"Polygon","coordinates":[[[123.5106306450001,13.033028268000066],[123.49526658500008,13.020224150000047],[123.48999873200012,13.033388178000052],[123.49461580000002,13.039046498000062],[123.5106306450001,13.033028268000066]]]}},{"type":"Feature","properties":{"code":"0500513017","name":"Marigondon","areaSqKm":8.69729967241,"municipalityCode":"0500513000","municipalityName":"Pio Duran","provinceCode":"05005","provinceName":"Albay"},"geometry":{"type":"Polygon","coordinates":[[[123.4318476410001,13.07291884600005],[123.44067814000005,13.043210135000038],[123.41943288400012,13.039157860000046],[123.41301643300005,13.043848431000072],[123.41572541000005,13.074423325000055],[123.4318476410001,13.07291884600005]]]}},{"type":"Feature","properties":{"code":"0500513018","name":"Matanglad","areaSqKm":5.19689704146,"municipalityCode":"0500513000","municipalityName":"Pio Duran","provinceCode":"05005","provinceName":"Albay"},"geometry":{"type":"Polygon","coordinates":[[[123.5288842650001,13.086736160000044],[123.54364433600006,13.075622834000058],[123.5476667370001,13.062441497000066],[123.52834935800001,13.065617734000057],[123.51623909500006,13.077855186000022],[123.51679399400007,13.085475834000022],[123.5288842650001,13.086736160000044]]]}},{"type":"Feature","properties":{"code":"0500513019","name":"Nablangbulod","areaSqKm":4.52586131158,"municipalityCode":"0500513000","municipalityName":"Pio Duran","provinceCode":"05005","provinceName":"Albay"},"geometry":{"type":"Polygon","coordinates":[[[123.47174972800008,13.07073884500005],[123.49206301400011,13.060982644000035],[123.48961603600003,13.051946501000032],[123.46290198800011,13.048778656000025],[123.47342957700005,13.057646877000025],[123.47174972800008,13.07073884500005]]]}},{"type":"Feature","properties":{"code":"0500513020","name":"Oringon","areaSqKm":6.8185687377,"municipalityCode":"0500513000","municipalityName":"Pio Duran","provinceCode":"05005","provinceName":"Albay"},"geometry":{"type":"Polygon","coordinates":[[[123.48178957000005,13.044736398000055],[123.48999873200012,13.033388178000052],[123.49526658500008,13.020224150000047],[123.48445669500006,13.018298349000077],[123.46387073800008,13.032359919000044],[123.46812930800002,13.045882276000043],[123.48178957000005,13.044736398000055]]]}},{"type":"Feature","properties":{"code":"0500513021","name":"Palapas","areaSqKm":4.09080868629,"municipalityCode":"0500513000","municipalityName":"Pio Duran","provinceCode":"05005","provinceName":"Albay"},"geometry":{"type":"Polygon","coordinates":[[[123.4449912990001,13.106470485000045],[123.48182439600009,13.11551344000003],[123.4823884430001,13.099382494000054],[123.46726960800004,13.106209585000045],[123.4480273480001,13.098761335000063],[123.4449912990001,13.106470485000045]]]}},{"type":"Feature","properties":{"code":"0500513022","name":"Panganiran","areaSqKm":12.7227033014,"municipalityCode":"0500513000","municipalityName":"Pio Duran","provinceCode":"05005","provinceName":"Albay"},"geometry":{"type":"Polygon","coordinates":[[[123.41598201400006,13.101377671000023],[123.44352812600005,13.079191277000064],[123.4318476410001,13.07291884600005],[123.38945949900005,13.081722268000021],[123.39543263200005,13.102653432000068],[123.41598201400006,13.101377671000023]]]}},{"type":"Feature","properties":{"code":"0500513028","name":"Rawis","areaSqKm":3.67499757645,"municipalityCode":"0500513000","municipalityName":"Pio Duran","provinceCode":"05005","provinceName":"Albay"},"geometry":{"type":"Polygon","coordinates":[[[123.52836844100011,13.044929602000025],[123.51649176300009,13.033277278000071],[123.49461580000002,13.039046498000062],[123.50457415200003,13.046126663000052],[123.52836844100011,13.044929602000025]]]}},{"type":"Feature","properties":{"code":"0500513029","name":"Salvacion","areaSqKm":3.2251108952,"municipalityCode":"0500513000","municipalityName":"Pio Duran","provinceCode":"05005","provinceName":"Albay"},"geometry":{"type":"Polygon","coordinates":[[[123.49774252800012,13.090123032000065],[123.5146050510001,13.08888180300005],[123.51898207400006,13.074891319000074],[123.49592405100009,13.078982908000057],[123.49774252800012,13.090123032000065]]]}},{"type":"Feature","properties":{"code":"0500513030","name":"Santo Cristo","areaSqKm":3.17739176637,"municipalityCode":"0500513000","municipalityName":"Pio Duran","provinceCode":"05005","provinceName":"Albay"},"geometry":{"type":"Polygon","coordinates":[[[123.50499453900011,13.105099425000049],[123.51087847200006,13.101814336000075],[123.513335202,13.087988389000031],[123.48274767800001,13.096058084000049],[123.49375898900007,13.094288014000028],[123.50499453900011,13.105099425000049]]]}},{"type":"Feature","properties":{"code":"0500513031","name":"Sukip","areaSqKm":3.26505728746,"municipalityCode":"0500513000","municipalityName":"Pio Duran","provinceCode":"05005","provinceName":"Albay"},"geometry":{"type":"Polygon","coordinates":[[[123.52834935800001,13.065617734000057],[123.50682827800006,13.056064531000061],[123.50540258100011,13.07470991300005],[123.51898207400006,13.074891319000074],[123.52834935800001,13.065617734000057]]]}},{"type":"Feature","properties":{"code":"0500513032","name":"Tibabo","areaSqKm":3.7810295598,"municipalityCode":"0500513000","municipalityName":"Pio Duran","provinceCode":"05005","provinceName":"Albay"},"geometry":{"type":"Polygon","coordinates":[[[123.48417944200003,13.116925651000031],[123.50366203200008,13.107212891000074],[123.49375898900007,13.094288014000028],[123.4823884430001,13.099382494000054],[123.48417944200003,13.116925651000031]]]}},{"type":"Feature","properties":{"code":"0500514001","name":"Agos","areaSqKm":3.01190550871,"municipalityCode":"0500514000","municipalityName":"Polangui","provinceCode":"05005","provinceName":"Albay"},"geometry":{"type":"Polygon","coordinates":[[[123.40509959400003,13.345388082000056],[123.42146324200007,13.335890240000026],[123.42096754700003,13.326824951000049],[123.40434711600005,13.327500517000033],[123.40509959400003,13.345388082000056]]]}},{"type":"Feature","properties":{"code":"0500514002","name":"Alnay","areaSqKm":1.0513790165,"municipalityCode":"0500514000","municipalityName":"Polangui","provinceCode":"05005","provinceName":"Albay"},"geometry":{"type":"Polygon","coordinates":[[[123.50982852800007,13.297161478000021],[123.50725206200002,13.286974782000073],[123.5013980760001,13.286454984000045],[123.50102439700004,13.299899187000051],[123.50982852800007,13.297161478000021]]]}},{"type":"Feature","properties":{"code":"0500514003","name":"Alomon","areaSqKm":1.66988327171,"municipalityCode":"0500514000","municipalityName":"Polangui","provinceCode":"05005","provinceName":"Albay"},"geometry":{"type":"Polygon","coordinates":[[[123.4606893450001,13.286960650000026],[123.47911410900008,13.283840645000055],[123.48611821000009,13.27571559200004],[123.4606893450001,13.286960650000026]]]}},{"type":"Feature","properties":{"code":"0500514004","name":"Amoguis","areaSqKm":1.82219381971,"municipalityCode":"0500514000","municipalityName":"Polangui","provinceCode":"05005","provinceName":"Albay"},"geometry":{"type":"Polygon","coordinates":[[[123.53007276900007,13.346185479000042],[123.54640553900003,13.343373822000046],[123.54573771900004,13.330621428000029],[123.53007276900007,13.346185479000042]]]}},{"type":"Feature","properties":{"code":"0500514005","name":"Anopol","areaSqKm":1.86378446705,"municipalityCode":"0500514000","municipalityName":"Polangui","provinceCode":"05005","provinceName":"Albay"},"geometry":{"type":"Polygon","coordinates":[[[123.53562587500005,13.349634973000036],[123.5517938910001,13.352922252000042],[123.55626838700005,13.342523758000027],[123.53562587500005,13.349634973000036]]]}},{"type":"Feature","properties":{"code":"0500514006","name":"Apad","areaSqKm":4.85933073805,"municipalityCode":"0500514000","municipalityName":"Polangui","provinceCode":"05005","provinceName":"Albay"},"geometry":{"type":"Polygon","coordinates":[[[123.47786534500005,13.341842214000053],[123.47968295300007,13.331154897000033],[123.46521032400005,13.305674744000044],[123.45502578900005,13.312999206000029],[123.47786534500005,13.341842214000053]]]}},{"type":"Feature","properties":{"code":"0500514007","name":"Balaba","areaSqKm":4.74971432042,"municipalityCode":"0500514000","municipalityName":"Polangui","provinceCode":"05005","provinceName":"Albay"},"geometry":{"type":"Polygon","coordinates":[[[123.56881700400004,13.324332539000068],[123.5489274900001,13.32032779800005],[123.5398289100001,13.306018932000029],[123.52333726600011,13.302938127000061],[123.51979826600007,13.313268010000058],[123.52755626900012,13.317596325000068],[123.56881700400004,13.324332539000068]]]}},{"type":"Feature","properties":{"code":"0500514008","name":"Balangibang","areaSqKm":2.99495784918,"municipalityCode":"0500514000","municipalityName":"Polangui","provinceCode":"05005","provinceName":"Albay"},"geometry":{"type":"Polygon","coordinates":[[[123.43942335600002,13.32318070100007],[123.46062564700003,13.312057559000039],[123.46929584100008,13.301224270000034],[123.4619189870001,13.295346351000035],[123.43942335600002,13.32318070100007]]]}},{"type":"Feature","properties":{"code":"0500514009","name":"Balinad","areaSqKm":7.37771824176,"municipalityCode":"0500514000","municipalityName":"Polangui","provinceCode":"05005","provinceName":"Albay"},"geometry":{"type":"Polygon","coordinates":[[[123.54178338500003,13.313396716000057],[123.56744650600001,13.321384206000062],[123.54831848100002,13.290354487000059],[123.5351596490001,13.285022980000065],[123.54178338500003,13.313396716000057]]]}},{"type":"Feature","properties":{"code":"0500514010","name":"Basud","areaSqKm":1.13036070612,"municipalityCode":"0500514000","municipalityName":"Polangui","provinceCode":"05005","provinceName":"Albay"},"geometry":{"type":"Polygon","coordinates":[[[123.4915500620001,13.291542923000065],[123.4970763880001,13.290042076000077],[123.49798024300003,13.274976178000031],[123.49208951500009,13.275393974000053],[123.4915500620001,13.291542923000065]]]}},{"type":"Feature","properties":{"code":"0500514011","name":"Binagbangan","areaSqKm":2.20361989246,"municipalityCode":"0500514000","municipalityName":"Polangui","provinceCode":"05005","provinceName":"Albay"},"geometry":{"type":"Polygon","coordinates":[[[123.50582223200001,13.314386849000073],[123.50178389000007,13.306695166000054],[123.48488789300006,13.311936441000057],[123.48487354800011,13.318692609000038],[123.50582223200001,13.314386849000073]]]}},{"type":"Feature","properties":{"code":"0500514012","name":"Buyo","areaSqKm":1.64168332753,"municipalityCode":"0500514000","municipalityName":"Polangui","provinceCode":"05005","provinceName":"Albay"},"geometry":{"type":"Polygon","coordinates":[[[123.52701334900007,13.33147806900007],[123.54137247000006,13.32354590400007],[123.5224625190001,13.319023639000022],[123.51655439300009,13.324715083000058],[123.52701334900007,13.33147806900007]]]}},{"type":"Feature","properties":{"code":"0500514013","name":"Centro Occidental","areaSqKm":3.21818735959,"municipalityCode":"0500514000","municipalityName":"Polangui","provinceCode":"05005","provinceName":"Albay"},"geometry":{"type":"Polygon","coordinates":[[[123.47203188600008,13.313639658000056],[123.48208122500012,13.308823343000029],[123.48448063800004,13.291623248000064],[123.46766733900006,13.299686464000047],[123.47203188600008,13.313639658000056]]]}},{"type":"Feature","properties":{"code":"0500514014","name":"Centro Oriental","areaSqKm":0.295976941245,"municipalityCode":"0500514000","municipalityName":"Polangui","provinceCode":"05005","provinceName":"Albay"},"geometry":{"type":"Polygon","coordinates":[[[123.48795965900001,13.296927242000038],[123.48911010800009,13.291093235000062],[123.48448063800004,13.291623248000064],[123.48795965900001,13.296927242000038]]]}},{"type":"Feature","properties":{"code":"0500514015","name":"Cepres","areaSqKm":2.17682221181,"municipalityCode":"0500514000","municipalityName":"Polangui","provinceCode":"05005","provinceName":"Albay"},"geometry":{"type":"Polygon","coordinates":[[[123.51673220000009,13.32467736700005],[123.53153565600007,13.319055863000074],[123.51168610000002,13.308697349000056],[123.50579822300006,13.314562008000053],[123.51673220000009,13.32467736700005]]]}},{"type":"Feature","properties":{"code":"0500514016","name":"Cotmon","areaSqKm":4.06029481902,"municipalityCode":"0500514000","municipalityName":"Polangui","provinceCode":"05005","provinceName":"Albay"},"geometry":{"type":"Polygon","coordinates":[[[123.54640553900003,13.343373822000046],[123.57096111400006,13.328261048000059],[123.56881700400004,13.324332539000068],[123.54392597300011,13.324355295000032],[123.54640553900003,13.343373822000046]]]}},{"type":"Feature","properties":{"code":"0500514017","name":"Cotnogan","areaSqKm":2.24061896687,"municipalityCode":"0500514000","municipalityName":"Polangui","provinceCode":"05005","provinceName":"Albay"},"geometry":{"type":"Polygon","coordinates":[[[123.41825102900009,13.352118783000037],[123.42500802100005,13.34582335600004],[123.42246408500012,13.332386514000063],[123.40466284900003,13.345981125000037],[123.41825102900009,13.352118783000037]]]}},{"type":"Feature","properties":{"code":"0500514018","name":"Danao","areaSqKm":3.02831599984,"municipalityCode":"0500514000","municipalityName":"Polangui","provinceCode":"05005","provinceName":"Albay"},"geometry":{"type":"Polygon","coordinates":[[[123.56977592200008,13.365281312000036],[123.58652160100007,13.354990773000054],[123.5820868180001,13.345869549000042],[123.55716547100008,13.356226173000039],[123.56977592200008,13.365281312000036]]]}},{"type":"Feature","properties":{"code":"0500514019","name":"Gabon","areaSqKm":0.715017007485,"municipalityCode":"0500514000","municipalityName":"Polangui","provinceCode":"05005","provinceName":"Albay"},"geometry":{"type":"Polygon","coordinates":[[[123.50219441700006,13.296953477000045],[123.49679687700007,13.292836761000046],[123.49015207500008,13.292429072000061],[123.49397660600005,13.299551017000056],[123.50219441700006,13.296953477000045]]]}},{"type":"Feature","properties":{"code":"0500514020","name":"Gamot","areaSqKm":3.92309381744,"municipalityCode":"0500514000","municipalityName":"Polangui","provinceCode":"05005","provinceName":"Albay"},"geometry":{"type":"Polygon","coordinates":[[[123.50484898800005,13.335488797000039],[123.51655439300009,13.324715083000058],[123.50582223200001,13.314386849000073],[123.48487354800011,13.318692609000038],[123.50484898800005,13.335488797000039]]]}},{"type":"Feature","properties":{"code":"0500514022","name":"Itaran","areaSqKm":3.5858090282,"municipalityCode":"0500514000","municipalityName":"Polangui","provinceCode":"05005","provinceName":"Albay"},"geometry":{"type":"Polygon","coordinates":[[[123.51141403800011,13.347013227000048],[123.52701334900007,13.33147806900007],[123.52636934600002,13.328398660000062],[123.51625266100007,13.32478512800003],[123.50329199400005,13.336262754000074],[123.51141403800011,13.347013227000048]]]}},{"type":"Feature","properties":{"code":"0500514023","name":"Kinale","areaSqKm":1.59390384705,"municipalityCode":"0500514000","municipalityName":"Polangui","provinceCode":"05005","provinceName":"Albay"},"geometry":{"type":"Polygon","coordinates":[[[123.46766869600003,13.299685473000068],[123.47941425800002,13.291897536000022],[123.47951283300006,13.291368201000068],[123.46059669400006,13.28919345600002],[123.46766869600003,13.299685473000068]]]}},{"type":"Feature","properties":{"code":"0500514024","name":"Kinuartilan","areaSqKm":3.90895308373,"municipalityCode":"0500514000","municipalityName":"Polangui","provinceCode":"05005","provinceName":"Albay"},"geometry":{"type":"Polygon","coordinates":[[[123.493241323,13.34694083900007],[123.50329199400005,13.336262754000074],[123.47968295300007,13.331154897000033],[123.47662159100003,13.342528340000058],[123.493241323,13.34694083900007]]]}},{"type":"Feature","properties":{"code":"0500514025","name":"La Medalla","areaSqKm":3.18762339001,"municipalityCode":"0500514000","municipalityName":"Polangui","provinceCode":"05005","provinceName":"Albay"},"geometry":{"type":"Polygon","coordinates":[[[123.48167169700002,13.34472065400007],[123.47133086600002,13.336199856000064],[123.4534898500001,13.339867408000032],[123.47031772000003,13.35482001500003],[123.48167169700002,13.34472065400007]]]}},{"type":"Feature","properties":{"code":"0500514026","name":"La Purisima","areaSqKm":2.89423153225,"municipalityCode":"0500514000","municipalityName":"Polangui","provinceCode":"05005","provinceName":"Albay"},"geometry":{"type":"Polygon","coordinates":[[[123.45847189800008,13.368957857000055],[123.47512453200011,13.359336363000068],[123.46175813400009,13.349787089000074],[123.450611234,13.364051205000067],[123.45847189800008,13.368957857000055]]]}},{"type":"Feature","properties":{"code":"0500514027","name":"Lanigay","areaSqKm":3.00463062006,"municipalityCode":"0500514000","municipalityName":"Polangui","provinceCode":"05005","provinceName":"Albay"},"geometry":{"type":"Polygon","coordinates":[[[123.49497267800007,13.329520186000025],[123.48459725600003,13.309698002000061],[123.47149573000002,13.314086621000058],[123.47968295300007,13.331154897000033],[123.49497267800007,13.329520186000025]]]}},{"type":"Feature","properties":{"code":"0500514028","name":"Lidong","areaSqKm":1.56874051283,"municipalityCode":"0500514000","municipalityName":"Polangui","provinceCode":"05005","provinceName":"Albay"},"geometry":{"type":"Polygon","coordinates":[[[123.52735230600001,13.353744157000051],[123.53572676800002,13.348905535000029],[123.51610129800008,13.34164481700003],[123.51287884900012,13.347402103000036],[123.52735230600001,13.353744157000051]]]}},{"type":"Feature","properties":{"code":"0500514029","name":"Lourdes","areaSqKm":3.75432607468,"municipalityCode":"0500514000","municipalityName":"Polangui","provinceCode":"05005","provinceName":"Albay"},"geometry":{"type":"Polygon","coordinates":[[[123.48245786700011,13.36807873500004],[123.48571498500007,13.358791018000034],[123.49391575900006,13.36036563700003],[123.49291268200011,13.347727587000065],[123.48167169700002,13.34472065400007],[123.47031772000003,13.35482001500003],[123.47215335600004,13.365699034000045],[123.48000446300011,13.360419687000046],[123.48245786700011,13.36807873500004]]]}},{"type":"Feature","properties":{"code":"0500514030","name":"Magpanambo","areaSqKm":2.98823512071,"municipalityCode":"0500514000","municipalityName":"Polangui","provinceCode":"05005","provinceName":"Albay"},"geometry":{"type":"Polygon","coordinates":[[[123.43354041400005,13.363089265000042],[123.44633015600004,13.35755067100007],[123.4437859620001,13.346830174000047],[123.4259491570001,13.354562072000022],[123.43354041400005,13.363089265000042]]]}},{"type":"Feature","properties":{"code":"0500514031","name":"Magurang","areaSqKm":1.60011733398,"municipalityCode":"0500514000","municipalityName":"Polangui","provinceCode":"05005","provinceName":"Albay"},"geometry":{"type":"Polygon","coordinates":[[[123.50212653000006,13.295322405000036],[123.5067933790001,13.286751429000049],[123.50494097500007,13.27658746700007],[123.49041034700008,13.292290190000074],[123.50212653000006,13.295322405000036]]]}},{"type":"Feature","properties":{"code":"0500514032","name":"Matacon","areaSqKm":3.06076492008,"municipalityCode":"0500514000","municipalityName":"Polangui","provinceCode":"05005","provinceName":"Albay"},"geometry":{"type":"Polygon","coordinates":[[[123.42803841300008,13.336321713000075],[123.44535769600009,13.330766596000046],[123.44749485000011,13.32232950100007],[123.41818135400001,13.32605998300005],[123.42803841300008,13.336321713000075]]]}},{"type":"Feature","properties":{"code":"0500514033","name":"Maynaga","areaSqKm":2.18983252216,"municipalityCode":"0500514000","municipalityName":"Polangui","provinceCode":"05005","provinceName":"Albay"},"geometry":{"type":"Polygon","coordinates":[[[123.51622216500004,13.34124739400005],[123.5324142280001,13.344825267000033],[123.53862569600005,13.33542877800005],[123.52701334900007,13.33147806900007],[123.51622216500004,13.34124739400005]]]}},{"type":"Feature","properties":{"code":"0500514034","name":"Maysua","areaSqKm":5.39222049042,"municipalityCode":"0500514000","municipalityName":"Polangui","provinceCode":"05005","provinceName":"Albay"},"geometry":{"type":"Polygon","coordinates":[[[123.5517938910001,13.352922252000042],[123.5820868180001,13.345869549000042],[123.57096111400006,13.328261048000059],[123.5517938910001,13.352922252000042]]]}},{"type":"Feature","properties":{"code":"0500514035","name":"Mendez","areaSqKm":2.05592387562,"municipalityCode":"0500514000","municipalityName":"Polangui","provinceCode":"05005","provinceName":"Albay"},"geometry":{"type":"Polygon","coordinates":[[[123.5177828940001,13.286482706000072],[123.53179726600001,13.28249794800007],[123.53672411600007,13.276107215000025],[123.51460322100002,13.276365808000037],[123.5177828940001,13.286482706000072]]]}},{"type":"Feature","properties":{"code":"0500514036","name":"Napo","areaSqKm":3.28406509048,"municipalityCode":"0500514000","municipalityName":"Polangui","provinceCode":"05005","provinceName":"Albay"},"geometry":{"type":"Polygon","coordinates":[[[123.53970611700004,13.305527760000075],[123.5351596490001,13.285022980000065],[123.5211877270001,13.286034126000061],[123.52820284900008,13.303797832000043],[123.53970611700004,13.305527760000075]]]}},{"type":"Feature","properties":{"code":"0500514037","name":"Pinagdapugan","areaSqKm":1.56031350572,"municipalityCode":"0500514000","municipalityName":"Polangui","provinceCode":"05005","provinceName":"Albay"},"geometry":{"type":"Polygon","coordinates":[[[123.53862569600005,13.33542877800005],[123.54392597300011,13.324355295000032],[123.52701334900007,13.33147806900007],[123.53862569600005,13.33542877800005]]]}},{"type":"Feature","properties":{"code":"0500514039","name":"Ponso","areaSqKm":3.15553445436,"municipalityCode":"0500514000","municipalityName":"Polangui","provinceCode":"05005","provinceName":"Albay"},"geometry":{"type":"Polygon","coordinates":[[[123.52820284900008,13.303797832000043],[123.51213219200008,13.27637227300005],[123.50494097500007,13.27658746700007],[123.50982852800007,13.297161478000021],[123.52820284900008,13.303797832000043]]]}},{"type":"Feature","properties":{"code":"0500514040","name":"Salvacion","areaSqKm":1.70590253072,"municipalityCode":"0500514000","municipalityName":"Polangui","provinceCode":"05005","provinceName":"Albay"},"geometry":{"type":"Polygon","coordinates":[[[123.4225568820001,13.355086139000036],[123.43469861100004,13.346940568000036],[123.4319137870001,13.335553420000053],[123.42630807100011,13.336664753000036],[123.4225568820001,13.355086139000036]]]}},{"type":"Feature","properties":{"code":"0500514041","name":"San Roque","areaSqKm":2.70736589597,"municipalityCode":"0500514000","municipalityName":"Polangui","provinceCode":"05005","provinceName":"Albay"},"geometry":{"type":"Polygon","coordinates":[[[123.43469861100004,13.346940568000036],[123.4534898500001,13.339867408000032],[123.44535769600009,13.330766596000046],[123.4319137870001,13.335553420000053],[123.43469861100004,13.346940568000036]]]}},{"type":"Feature","properties":{"code":"0500514043","name":"Santa Cruz","areaSqKm":3.13678165013,"municipalityCode":"0500514000","municipalityName":"Polangui","provinceCode":"05005","provinceName":"Albay"},"geometry":{"type":"Polygon","coordinates":[[[123.50636128200006,13.313547738000068],[123.51979826600007,13.313268010000058],[123.52366014200004,13.303580465000039],[123.51482958600002,13.296224377000044],[123.50102439700004,13.299899187000051],[123.50636128200006,13.313547738000068]]]}},{"type":"Feature","properties":{"code":"0500514044","name":"Santa Teresita","areaSqKm":3.26278265869,"municipalityCode":"0500514000","municipalityName":"Polangui","provinceCode":"05005","provinceName":"Albay"},"geometry":{"type":"Polygon","coordinates":[[[123.44940387200006,13.366902581000033],[123.46175813400009,13.349787089000074],[123.4534898500001,13.339867408000032],[123.43976009000005,13.361462193000023],[123.44940387200006,13.366902581000033]]]}},{"type":"Feature","properties":{"code":"0500514042","name":"Santicon","areaSqKm":4.96215853048,"municipalityCode":"0500514000","municipalityName":"Polangui","provinceCode":"05005","provinceName":"Albay"},"geometry":{"type":"Polygon","coordinates":[[[123.44720047600003,13.33596682600006],[123.47133086600002,13.336199856000064],[123.45502578900005,13.312999206000029],[123.44043574200009,13.321959019000076],[123.44749485000011,13.32232950100007],[123.44720047600003,13.33596682600006]]]}},{"type":"Feature","properties":{"code":"0500514045","name":"Sugcad","areaSqKm":2.47869070365,"municipalityCode":"0500514000","municipalityName":"Polangui","provinceCode":"05005","provinceName":"Albay"},"geometry":{"type":"Polygon","coordinates":[[[123.48488789300006,13.311936441000057],[123.50102439700004,13.299899187000051],[123.48263225000005,13.298753366000028],[123.48488789300006,13.311936441000057]]]}},{"type":"Feature","properties":{"code":"0500514046","name":"Ubaliw","areaSqKm":2.12323916757,"municipalityCode":"0500514000","municipalityName":"Polangui","provinceCode":"05005","provinceName":"Albay"},"geometry":{"type":"Polygon","coordinates":[[[123.49041999600001,13.292280872000049],[123.49208951500009,13.275393974000053],[123.47339836300011,13.286890848000041],[123.4798563280001,13.292225233000067],[123.49041999600001,13.292280872000049]]]}},{"type":"Feature","properties":{"code":"0500515003","name":"Bagaobawan","areaSqKm":2.49226570472,"municipalityCode":"0500515000","municipalityName":"Rapu-Rapu","provinceCode":"05005","provinceName":"Albay"},"geometry":{"type":"Polygon","coordinates":[[[124.06343546100004,13.245609235000074],[124.07282537100002,13.239562447000026],[124.05560295400005,13.229419062000034],[124.04363666000006,13.242126190000022],[124.06343546100004,13.245609235000074]]]}},{"type":"Feature","properties":{"code":"0500515004","name":"Batan","areaSqKm":2.44878782837,"municipalityCode":"0500515000","municipalityName":"Rapu-Rapu","provinceCode":"05005","provinceName":"Albay"},"geometry":{"type":"Polygon","coordinates":[[[124.02650290000008,13.245900650000067],[124.04363666000006,13.242126190000022],[124.05551350200005,13.229413020000038],[124.05562912100004,13.22744709400007],[124.04749257900005,13.224350192000031],[124.02650290000008,13.245900650000067]]]}},{"type":"Feature","properties":{"code":"0500515005","name":"Bilbao","areaSqKm":8.41444476275,"municipalityCode":"0500515000","municipalityName":"Rapu-Rapu","provinceCode":"05005","provinceName":"Albay"},"geometry":{"type":"Polygon","coordinates":[[[124.026482514,13.272555729000032],[124.0324621630001,13.258824530000027],[124.02650290000008,13.245900650000067],[124.01471502200002,13.242193342000064],[124.00001069900009,13.249067792000062],[124.00601480800003,13.26966238600005],[124.026482514,13.272555729000032]]]}},{"type":"Feature","properties":{"code":"0500515006","name":"Binosawan","areaSqKm":1.54152591292,"municipalityCode":"0500515000","municipalityName":"Rapu-Rapu","provinceCode":"05005","provinceName":"Albay"},"geometry":{"type":"Polygon","coordinates":[[[124.21419656900002,13.196869470000024],[124.22011114400004,13.181936524000037],[124.21690617500008,13.178812965000077],[124.20209906100001,13.187983785000029],[124.21419656900002,13.196869470000024]]]}},{"type":"Feature","properties":{"code":"0500515007","name":"Bogtong","areaSqKm":1.60874429583,"municipalityCode":"0500515000","municipalityName":"Rapu-Rapu","provinceCode":"05005","provinceName":"Albay"},"geometry":{"type":"Polygon","coordinates":[[[124.01752759900012,13.236858510000047],[124.02257351100002,13.216944692000027],[124.00950003200012,13.220587570000077],[124.01752759900012,13.236858510000047]]]}},{"type":"Feature","properties":{"code":"0500515008","name":"Buenavista","areaSqKm":3.56023991525,"municipalityCode":"0500515000","municipalityName":"Rapu-Rapu","provinceCode":"05005","provinceName":"Albay"},"geometry":{"type":"Polygon","coordinates":[[[124.16115845200011,13.228259647000073],[124.176521911,13.221887493000054],[124.17785914100011,13.205917689000046],[124.15280058700012,13.217914531000076],[124.16115845200011,13.228259647000073]]]}},{"type":"Feature","properties":{"code":"0500515009","name":"Buhatan","areaSqKm":4.87239727125,"municipalityCode":"0500515000","municipalityName":"Rapu-Rapu","provinceCode":"05005","provinceName":"Albay"},"geometry":{"type":"Polygon","coordinates":[[[123.9493871840001,13.256438537000065],[123.9821673460001,13.290226544000063],[123.97573308400001,13.28273650400007],[123.9799449620001,13.276605708000034],[123.96940421200009,13.259250080000072],[123.9493871840001,13.256438537000065]]]}},{"type":"Feature","properties":{"code":"0500515010","name":"Calanaga","areaSqKm":4.19176408676,"municipalityCode":"0500515000","municipalityName":"Rapu-Rapu","provinceCode":"05005","provinceName":"Albay"},"geometry":{"type":"Polygon","coordinates":[[[124.03606528600005,13.276932190000025],[124.05386907800005,13.278367106000076],[124.05659095800002,13.27647986900007],[124.04909962900001,13.257557554000073],[124.02897323400009,13.250100004000046],[124.03874602300004,13.268295730000034],[124.0469810300001,13.26876037900007],[124.03606528600005,13.276932190000025]]]}},{"type":"Feature","properties":{"code":"0500515011","name":"Caracaran","areaSqKm":4.18596825684,"municipalityCode":"0500515000","municipalityName":"Rapu-Rapu","provinceCode":"05005","provinceName":"Albay"},"geometry":{"type":"Polygon","coordinates":[[[123.98276494700008,13.248071179000021],[123.99148067800002,13.242982246000054],[124.00001069900009,13.249067792000062],[123.99976662400002,13.236049662000028],[123.99076483700003,13.228206605000025],[123.989848617,13.229272923000053],[123.99254771000005,13.237145773000066],[123.99167019100003,13.237543671000026],[123.96572198500007,13.232955078000032],[123.98276494700008,13.248071179000021]]]}},{"type":"Feature","properties":{"code":"0500515012","name":"Carogcog","areaSqKm":5.30666208357,"municipalityCode":"0500515000","municipalityName":"Rapu-Rapu","provinceCode":"05005","provinceName":"Albay"},"geometry":{"type":"MultiPolygon","coordinates":[[[[124.160576837,13.17988073400005],[124.1608711450001,13.179665224000075],[124.16052267500004,13.17970650500007],[124.160576837,13.17988073400005]]],[[[124.17270680900003,13.197648065000067],[124.172166704,13.177018265000072],[124.14681193100012,13.186572538000064],[124.15566515900002,13.202117065000039],[124.17270680900003,13.197648065000067]]]]}},{"type":"Feature","properties":{"code":"0500515013","name":"Dap-dap","areaSqKm":6.20132974949,"municipalityCode":"0500515000","municipalityName":"Rapu-Rapu","provinceCode":"05005","provinceName":"Albay"},"geometry":{"type":"Polygon","coordinates":[[[124.02650290000008,13.245900650000067],[124.04595531500001,13.222020016000045],[124.02259861300001,13.217001751000055],[124.01471502200002,13.242193342000064],[124.02650290000008,13.245900650000067]]]}},{"type":"Feature","properties":{"code":"0500515014","name":"Gaba","areaSqKm":1.72542685148,"municipalityCode":"0500515000","municipalityName":"Rapu-Rapu","provinceCode":"05005","provinceName":"Albay"},"geometry":{"type":"Polygon","coordinates":[[[123.979848865,13.277655442000025],[123.98464538400003,13.268488092000041],[123.96940421200009,13.259250080000072],[123.97209446500005,13.268519316000038],[123.979848865,13.277655442000025]]]}},{"type":"Feature","properties":{"code":"0500515015","name":"Galicia","areaSqKm":8.41098548379,"municipalityCode":"0500515000","municipalityName":"Rapu-Rapu","provinceCode":"05005","provinceName":"Albay"},"geometry":{"type":"MultiPolygon","coordinates":[[[[123.95061971500002,13.290644347000068],[123.96528185200009,13.281390756000064],[123.9493871840001,13.256438537000065],[123.93189734100008,13.270484587000055],[123.94293595900001,13.280380387000037],[123.9369205910001,13.288248741000075],[123.95061971500002,13.290644347000068]]],[[[123.95835651900006,13.304157283000052],[123.96938286000011,13.298010533000024],[123.95694489100003,13.293284793000055],[123.95835651900006,13.304157283000052]]]]}},{"type":"Feature","properties":{"code":"0500515016","name":"Guadalupe","areaSqKm":4.20446351012,"municipalityCode":"0500515000","municipalityName":"Rapu-Rapu","provinceCode":"05005","provinceName":"Albay"},"geometry":{"type":"Polygon","coordinates":[[[124.15280058700012,13.217914531000076],[124.17785914100011,13.205917689000046],[124.17270680900003,13.197648065000067],[124.14358643300011,13.203633655000033],[124.15280058700012,13.217914531000076]]]}},{"type":"Feature","properties":{"code":"0500515017","name":"Hamorawon","areaSqKm":3.45410662811,"municipalityCode":"0500515000","municipalityName":"Rapu-Rapu","provinceCode":"05005","provinceName":"Albay"},"geometry":{"type":"MultiPolygon","coordinates":[[[[124.00358645100005,13.285877077000066],[124.00322678600003,13.285856169000056],[124.00352946700002,13.28607437200003],[124.00358645100005,13.285877077000066]]],[[[123.99653714200008,13.280007301000069],[124.01610974100004,13.284245547000069],[124.00109334700005,13.260788732000037],[123.99362211200003,13.265103117000024],[123.99653714200008,13.280007301000069]]],[[[124.00257036700009,13.287705574000029],[124.00404536600001,13.287244630000032],[124.00228557700007,13.286854511000058],[124.00257036700009,13.287705574000029]]]]}},{"type":"Feature","properties":{"code":"0500515018","name":"Lagundi","areaSqKm":4.8145655464,"municipalityCode":"0500515000","municipalityName":"Rapu-Rapu","provinceCode":"05005","provinceName":"Albay"},"geometry":{"type":"Polygon","coordinates":[[[124.00001069900009,13.249067792000062],[124.01752759900012,13.236858510000047],[124.00950003200012,13.220587570000077],[123.9908929720001,13.228258897000046],[123.99976662400002,13.236049662000028],[124.00001069900009,13.249067792000062]]]}},{"type":"Feature","properties":{"code":"0500515019","name":"Liguan","areaSqKm":1.89800804635,"municipalityCode":"0500515000","municipalityName":"Rapu-Rapu","provinceCode":"05005","provinceName":"Albay"},"geometry":{"type":"Polygon","coordinates":[[[123.92397230400002,13.258863083000051],[123.91485038700012,13.273088624000025],[123.93189734100008,13.270484587000055],[123.92397230400002,13.258863083000051]]]}},{"type":"Feature","properties":{"code":"0500515020","name":"Linao","areaSqKm":3.2861178902,"municipalityCode":"0500515000","municipalityName":"Rapu-Rapu","provinceCode":"05005","provinceName":"Albay"},"geometry":{"type":"Polygon","coordinates":[[[124.20552638900006,13.20936200400007],[124.21474737900007,13.196764892000033],[124.20209906100001,13.187983785000029],[124.18873794800004,13.192228285000056],[124.20552638900006,13.20936200400007]]]}},{"type":"Feature","properties":{"code":"0500515021","name":"Malobago","areaSqKm":2.55547974623,"municipalityCode":"0500515000","municipalityName":"Rapu-Rapu","provinceCode":"05005","provinceName":"Albay"},"geometry":{"type":"MultiPolygon","coordinates":[[[[124.18864945200005,13.171364317000041],[124.18926347500008,13.17146017500005],[124.18923845400002,13.171146350000072],[124.18864945200005,13.171364317000041]]],[[[124.18751367000004,13.171557522000057],[124.1881474590001,13.171553428000038],[124.18784951100008,13.17124238200006],[124.18751367000004,13.171557522000057]]],[[[124.20916196600001,13.185148904000073],[124.20203181500005,13.17080691600006],[124.1863583600001,13.171941440000069],[124.20209906100001,13.187983785000029],[124.20916196600001,13.185148904000073]]]]}},{"type":"Feature","properties":{"code":"0500515022","name":"Mananao","areaSqKm":11.2436523245,"municipalityCode":"0500515000","municipalityName":"Rapu-Rapu","provinceCode":"05005","provinceName":"Albay"},"geometry":{"type":"Polygon","coordinates":[[[124.12999389700008,13.23605886200005],[124.1598874660001,13.227735443000029],[124.14358643300011,13.203633655000033],[124.12014953300002,13.206293182000024],[124.11469771100008,13.223045742000068],[124.12999389700008,13.23605886200005]]]}},{"type":"Feature","properties":{"code":"0500515023","name":"Mancao","areaSqKm":4.40124197344,"municipalityCode":"0500515000","municipalityName":"Rapu-Rapu","provinceCode":"05005","provinceName":"Albay"},"geometry":{"type":"Polygon","coordinates":[[[123.91082995500005,13.290382531000034],[123.93629618300008,13.287830016000044],[123.94293595900001,13.280380387000037],[123.93189734100008,13.270484587000055],[123.91374997700007,13.273149397000054],[123.92204157000003,13.278043523000065],[123.91082995500005,13.290382531000034]]]}},{"type":"Feature","properties":{"code":"0500515024","name":"Manila","areaSqKm":9.37354510999,"municipalityCode":"0500515000","municipalityName":"Rapu-Rapu","provinceCode":"05005","provinceName":"Albay"},"geometry":{"type":"Polygon","coordinates":[[[123.9786923370001,13.259626727000068],[123.98110092800005,13.249545441000066],[123.96568156500007,13.23264875500007],[123.95163429700006,13.23359150500005],[123.93866926100009,13.246228295000037],[123.9493871840001,13.256438537000065],[123.9786923370001,13.259626727000068]]]}},{"type":"Feature","properties":{"code":"0500515025","name":"Masaga","areaSqKm":1.3028220784,"municipalityCode":"0500515000","municipalityName":"Rapu-Rapu","provinceCode":"05005","provinceName":"Albay"},"geometry":{"type":"Polygon","coordinates":[[[124.06115376200012,13.253367927000056],[124.06366654300007,13.245693243000062],[124.05014808800001,13.244492816000047],[124.05230768400008,13.251716659000067],[124.06115376200012,13.253367927000056]]]}},{"type":"Feature","properties":{"code":"0500515026","name":"Morocborocan","areaSqKm":5.62684742748,"municipalityCode":"0500515000","municipalityName":"Rapu-Rapu","provinceCode":"05005","provinceName":"Albay"},"geometry":{"type":"Polygon","coordinates":[[[124.11453159900009,13.223155963000067],[124.12014953300002,13.206293182000024],[124.05805228400004,13.207487756000035],[124.08302202900006,13.212201309000022],[124.11453159900009,13.223155963000067]]]}},{"type":"Feature","properties":{"code":"0500515027","name":"Nagcalsot","areaSqKm":1.48606785038,"municipalityCode":"0500515000","municipalityName":"Rapu-Rapu","provinceCode":"05005","provinceName":"Albay"},"geometry":{"type":"Polygon","coordinates":[[[124.01610974100004,13.284245547000069],[124.02683302000003,13.27278368900005],[124.00601480800003,13.26966238600005],[124.01610974100004,13.284245547000069]]]}},{"type":"Feature","properties":{"code":"0500515028","name":"Pagcolbon","areaSqKm":1.41157521214,"municipalityCode":"0500515000","municipalityName":"Rapu-Rapu","provinceCode":"05005","provinceName":"Albay"},"geometry":{"type":"MultiPolygon","coordinates":[[[[124.20957409400012,13.16810891700004],[124.21048056600011,13.168639041000063],[124.21079850300009,13.168394177000039],[124.20957409400012,13.16810891700004]]],[[[124.21698498900003,13.178242707000038],[124.21047555400003,13.169806146000042],[124.20339861800005,13.17122246200006],[124.20916196600001,13.185148904000073],[124.21698498900003,13.178242707000038]]]]}},{"type":"Feature","properties":{"code":"0500515029","name":"Poblacion","areaSqKm":14.6417294369,"municipalityCode":"0500515000","municipalityName":"Rapu-Rapu","provinceCode":"05005","provinceName":"Albay"},"geometry":{"type":"Polygon","coordinates":[[[124.05792863900001,13.207273865000047],[124.12014953300002,13.206293182000024],[124.15566515900002,13.202117065000039],[124.14639279800008,13.186565059000031],[124.12252817300009,13.18430803700005],[124.05792863900001,13.207273865000047]]]}},{"type":"Feature","properties":{"code":"0500515030","name":"Sagrada","areaSqKm":3.02467004052,"municipalityCode":"0500515000","municipalityName":"Rapu-Rapu","provinceCode":"05005","provinceName":"Albay"},"geometry":{"type":"Polygon","coordinates":[[[124.05313761600007,13.25638716700007],[124.05014808800001,13.244492816000047],[124.02650290000008,13.245900650000067],[124.04440141600003,13.25684311200007],[124.05313761600007,13.25638716700007]]]}},{"type":"Feature","properties":{"code":"0500515031","name":"San Ramon","areaSqKm":7.91413769642,"municipalityCode":"0500515000","municipalityName":"Rapu-Rapu","provinceCode":"05005","provinceName":"Albay"},"geometry":{"type":"Polygon","coordinates":[[[124.05653280000001,13.276481432000026],[124.06179652800006,13.269713084000045],[124.0887497110001,13.269723003000024],[124.09903743900009,13.258792654000047],[124.05573288500011,13.250291851000043],[124.04909962900001,13.257557554000073],[124.05653280000001,13.276481432000026]]]}},{"type":"Feature","properties":{"code":"0500515032","name":"Santa Barbara","areaSqKm":4.99598737506,"municipalityCode":"0500515000","municipalityName":"Rapu-Rapu","provinceCode":"05005","provinceName":"Albay"},"geometry":{"type":"Polygon","coordinates":[[[124.17270680900003,13.197648065000067],[124.20209906100001,13.187983785000029],[124.18543555600002,13.172190593000039],[124.17255904400008,13.177255899000045],[124.17270680900003,13.197648065000067]]]}},{"type":"Feature","properties":{"code":"0500515033","name":"Tinocawan","areaSqKm":3.74500431983,"municipalityCode":"0500515000","municipalityName":"Rapu-Rapu","provinceCode":"05005","provinceName":"Albay"},"geometry":{"type":"Polygon","coordinates":[[[123.93409425400012,13.268720077000069],[123.9493871840001,13.256438537000065],[123.93862296700001,13.246194514000024],[123.92397230400002,13.258863083000051],[123.93409425400012,13.268720077000069]]]}},{"type":"Feature","properties":{"code":"0500515034","name":"Tinopan","areaSqKm":4.3037697444,"municipalityCode":"0500515000","municipalityName":"Rapu-Rapu","provinceCode":"05005","provinceName":"Albay"},"geometry":{"type":"Polygon","coordinates":[[[124.19748645400011,13.21375653900003],[124.20549506700002,13.209392870000045],[124.18873794800004,13.192228285000056],[124.17270680900003,13.197648065000067],[124.19748645400011,13.21375653900003]]]}},{"type":"Feature","properties":{"code":"0500515035","name":"Viga","areaSqKm":1.90633161489,"municipalityCode":"0500515000","municipalityName":"Rapu-Rapu","provinceCode":"05005","provinceName":"Albay"},"geometry":{"type":"Polygon","coordinates":[[[124.1801521860001,13.221586334000051],[124.18593131500006,13.216932889000077],[124.19751878600005,13.213807892000034],[124.17785914100011,13.205917689000046],[124.1801521860001,13.221586334000051]]]}},{"type":"Feature","properties":{"code":"0500515036","name":"Villahermosa","areaSqKm":3.94005010942,"municipalityCode":"0500515000","municipalityName":"Rapu-Rapu","provinceCode":"05005","provinceName":"Albay"},"geometry":{"type":"Polygon","coordinates":[[[123.98465693700007,13.268484719000071],[123.98599782300005,13.259341525000025],[123.99362211200003,13.265103117000024],[124.00109334700005,13.260788732000037],[123.99258667700008,13.243178226000055],[123.98110092800005,13.249545441000066],[123.98465693700007,13.268484719000071]]]}},{"type":"Feature","properties":{"code":"0500516001","name":"Alimsog","areaSqKm":3.03465150965,"municipalityCode":"0500516000","municipalityName":"Santo Domingo (Libog)","provinceCode":"05005","provinceName":"Albay"},"geometry":{"type":"Polygon","coordinates":[[[123.84695790600006,13.24031194500003],[123.86219091400005,13.224400370000069],[123.84123716800002,13.22621057200007],[123.83892587300011,13.236720311000056],[123.84695790600006,13.24031194500003]]]}},{"type":"Feature","properties":{"code":"0500516006","name":"Bagong San Roque","areaSqKm":1.14010498563,"municipalityCode":"0500516000","municipalityName":"Santo Domingo (Libog)","provinceCode":"05005","provinceName":"Albay"},"geometry":{"type":"Polygon","coordinates":[[[123.76803304200007,13.258601526000064],[123.77605608400006,13.251844849000065],[123.77042875400002,13.24448387800004],[123.76404367400005,13.250494509000077],[123.76803304200007,13.258601526000064]]]}},{"type":"Feature","properties":{"code":"0500516002","name":"Buhatan","areaSqKm":1.38939737726,"municipalityCode":"0500516000","municipalityName":"Santo Domingo (Libog)","provinceCode":"05005","provinceName":"Albay"},"geometry":{"type":"Polygon","coordinates":[[[123.8261358210001,13.237243362000072],[123.83892587300011,13.236720311000056],[123.84123716800002,13.22621057200007],[123.8254066510001,13.230276568000022],[123.8261358210001,13.237243362000072]]]}},{"type":"Feature","properties":{"code":"0500516003","name":"Calayucay","areaSqKm":3.42786989305,"municipalityCode":"0500516000","municipalityName":"Santo Domingo (Libog)","provinceCode":"05005","provinceName":"Albay"},"geometry":{"type":"Polygon","coordinates":[[[123.79238390400008,13.254175929000041],[123.80122121800002,13.237910105000026],[123.78267047100007,13.233445853000035],[123.78315403900001,13.249868309000021],[123.79238390400008,13.254175929000041]]]}},{"type":"Feature","properties":{"code":"0500516013","name":"Del Rosario Pob.","areaSqKm":0.0311976175993,"municipalityCode":"0500516000","municipalityName":"Santo Domingo (Libog)","provinceCode":"05005","provinceName":"Albay"},"geometry":{"type":"Polygon","coordinates":[[[123.77625945900002,13.235861717000034],[123.77935133400001,13.23258099900005],[123.77885641600005,13.232260145000055],[123.77625945900002,13.235861717000034]]]}},{"type":"Feature","properties":{"code":"0500516004","name":"Fidel Surtida","areaSqKm":9.59342518012,"municipalityCode":"0500516000","municipalityName":"Santo Domingo (Libog)","provinceCode":"05005","provinceName":"Albay"},"geometry":{"type":"Polygon","coordinates":[[[123.68355123800006,13.253206272000057],[123.76512825700001,13.250066907000075],[123.76666115300009,13.237149705000036],[123.68355123800006,13.253206272000057]]]}},{"type":"Feature","properties":{"code":"0500516005","name":"Lidong","areaSqKm":13.0150344385,"municipalityCode":"0500516000","municipalityName":"Santo Domingo (Libog)","provinceCode":"05005","provinceName":"Albay"},"geometry":{"type":"Polygon","coordinates":[[[123.73881010900004,13.239421535000076],[123.7717595250001,13.221653812000056],[123.76430690900008,13.208693909000033],[123.68355123800006,13.253206272000057],[123.73881010900004,13.239421535000076]]]}},{"type":"Feature","properties":{"code":"0500516025","name":"Market Site Pob.","areaSqKm":0.0258698891632,"municipalityCode":"0500516000","municipalityName":"Santo Domingo (Libog)","provinceCode":"05005","provinceName":"Albay"},"geometry":{"type":"Polygon","coordinates":[[[123.77530939000007,13.237196591000043],[123.77709104600001,13.236502846000064],[123.77625945900002,13.235861717000034],[123.77530939000007,13.237196591000043]]]}},{"type":"Feature","properties":{"code":"0500516017","name":"Nagsiya Pob.","areaSqKm":0.162640065807,"municipalityCode":"0500516000","municipalityName":"Santo Domingo (Libog)","provinceCode":"05005","provinceName":"Albay"},"geometry":{"type":"Polygon","coordinates":[[[123.77792974800002,13.241413113000021],[123.77727109800003,13.237284363000072],[123.77414362700006,13.238419398000076],[123.77792974800002,13.241413113000021]]]}},{"type":"Feature","properties":{"code":"0500516026","name":"Pandayan Pob.","areaSqKm":0.016037300022,"municipalityCode":"0500516000","municipalityName":"Santo Domingo (Libog)","provinceCode":"05005","provinceName":"Albay"},"geometry":{"type":"Polygon","coordinates":[[[123.77980018200003,13.23264886000004],[123.77987293700005,13.233877552000024],[123.78096849500002,13.233254232000036],[123.77980018200003,13.23264886000004]]]}},{"type":"Feature","properties":{"code":"0500516018","name":"Salvacion","areaSqKm":3.25596470973,"municipalityCode":"0500516000","municipalityName":"Santo Domingo (Libog)","provinceCode":"05005","provinceName":"Albay"},"geometry":{"type":"Polygon","coordinates":[[[123.79931815400005,13.250536943000043],[123.8261358210001,13.237243362000072],[123.8254066510001,13.230276568000022],[123.80122121800002,13.237910105000026],[123.79931815400005,13.250536943000043]]]}},{"type":"Feature","properties":{"code":"0500516019","name":"San Andres","areaSqKm":3.00702149476,"municipalityCode":"0500516000","municipalityName":"Santo Domingo (Libog)","provinceCode":"05005","provinceName":"Albay"},"geometry":{"type":"Polygon","coordinates":[[[123.76929638400009,13.268424200000027],[123.78837179600009,13.26136013100006],[123.79238390400008,13.254175929000041],[123.78315403900001,13.249868309000021],[123.76723877100005,13.258965239000077],[123.76929638400009,13.268424200000027]]]}},{"type":"Feature","properties":{"code":"0500516020","name":"San Fernando","areaSqKm":5.71511248151,"municipalityCode":"0500516000","municipalityName":"Santo Domingo (Libog)","provinceCode":"05005","provinceName":"Albay"},"geometry":{"type":"Polygon","coordinates":[[[123.74442419800005,13.269466611000041],[123.76929638400009,13.268424200000027],[123.76641436000011,13.256437556000037],[123.75460991900002,13.264100435000046],[123.68355123800006,13.253206272000057],[123.74442419800005,13.269466611000041]]]}},{"type":"Feature","properties":{"code":"0500516015","name":"San Francisco Pob.","areaSqKm":0.0690926348121,"municipalityCode":"0500516000","municipalityName":"Santo Domingo (Libog)","provinceCode":"05005","provinceName":"Albay"},"geometry":{"type":"Polygon","coordinates":[[[123.77345610000009,13.236854864000065],[123.77768462900008,13.233211306000044],[123.777101807,13.232753738000042],[123.77345610000009,13.236854864000065]]]}},{"type":"Feature","properties":{"code":"0500516021","name":"San Isidro","areaSqKm":2.37179519928,"municipalityCode":"0500516000","municipalityName":"Santo Domingo (Libog)","provinceCode":"05005","provinceName":"Albay"},"geometry":{"type":"Polygon","coordinates":[[[123.75567232300011,13.23544129100003],[123.77828290700006,13.231344168000021],[123.77177039300011,13.221615138000061],[123.75567232300011,13.23544129100003]]]}},{"type":"Feature","properties":{"code":"0500516008","name":"San Juan Pob.","areaSqKm":0.0476844263102,"municipalityCode":"0500516000","municipalityName":"Santo Domingo (Libog)","provinceCode":"05005","provinceName":"Albay"},"geometry":{"type":"Polygon","coordinates":[[[123.77489027900003,13.236790808000023],[123.77885641600005,13.232260145000055],[123.77828290700006,13.231344168000021],[123.77489027900003,13.236790808000023]]]}},{"type":"Feature","properties":{"code":"0500516010","name":"San Pedro Pob.","areaSqKm":0.0298265667451,"municipalityCode":"0500516000","municipalityName":"Santo Domingo (Libog)","provinceCode":"05005","provinceName":"Albay"},"geometry":{"type":"Polygon","coordinates":[[[123.77682008900001,13.236899562000076],[123.77938602000006,13.234519654000053],[123.77902867800003,13.23387133600005],[123.77682008900001,13.236899562000076]]]}},{"type":"Feature","properties":{"code":"0500516012","name":"San Rafael Pob.","areaSqKm":0.0771753385469,"municipalityCode":"0500516000","municipalityName":"Santo Domingo (Libog)","provinceCode":"05005","provinceName":"Albay"},"geometry":{"type":"Polygon","coordinates":[[[123.77786960600008,13.23768596900004],[123.78053001700005,13.237021422000055],[123.78251356600003,13.233306119000076],[123.77786960600008,13.23768596900004]]]}},{"type":"Feature","properties":{"code":"0500516022","name":"San Roque","areaSqKm":1.2689254961,"municipalityCode":"0500516000","municipalityName":"Santo Domingo (Libog)","provinceCode":"05005","provinceName":"Albay"},"geometry":{"type":"Polygon","coordinates":[[[123.78315403900001,13.249868309000021],[123.77988404900009,13.241142331000049],[123.77151886800004,13.242351370000051],[123.77605608400006,13.251844849000065],[123.78315403900001,13.249868309000021]]]}},{"type":"Feature","properties":{"code":"0500516011","name":"San Vicente Pob.","areaSqKm":0.0519848854204,"municipalityCode":"0500516000","municipalityName":"Santo Domingo (Libog)","provinceCode":"05005","provinceName":"Albay"},"geometry":{"type":"Polygon","coordinates":[[[123.77733058700005,13.237325529000032],[123.77900242700002,13.236210885000048],[123.78134116800004,13.233428723000031],[123.77733058700005,13.237325529000032]]]}},{"type":"Feature","properties":{"code":"0500516023","name":"Santa Misericordia","areaSqKm":6.42049557461,"municipalityCode":"0500516000","municipalityName":"Santo Domingo (Libog)","provinceCode":"05005","provinceName":"Albay"},"geometry":{"type":"Polygon","coordinates":[[[123.75494707100006,13.263974003000044],[123.76641436000011,13.256437556000037],[123.76190758500002,13.247007118000056],[123.73278046400003,13.254589862000046],[123.68355123800006,13.253206272000057],[123.75494707100006,13.263974003000044]]]}},{"type":"Feature","properties":{"code":"0500516009","name":"Santo Domingo Pob.","areaSqKm":0.0280657744039,"municipalityCode":"0500516000","municipalityName":"Santo Domingo (Libog)","provinceCode":"05005","provinceName":"Albay"},"geometry":{"type":"Polygon","coordinates":[[[123.77682028400011,13.236290871000051],[123.77980018200003,13.23264886000004],[123.7800316250001,13.231987549000053],[123.77682028400011,13.236290871000051]]]}},{"type":"Feature","properties":{"code":"0500516024","name":"Santo Niño","areaSqKm":0.604122117743,"municipalityCode":"0500516000","municipalityName":"Santo Domingo (Libog)","provinceCode":"05005","provinceName":"Albay"},"geometry":{"type":"Polygon","coordinates":[[[123.76900709400002,13.246082444000024],[123.77553936200002,13.239430468000023],[123.7757115930001,13.237001160000034],[123.76666115300009,13.237149705000036],[123.76900709400002,13.246082444000024]]]}},{"type":"Feature","properties":{"code":"0500518001","name":"Bagumbayan","areaSqKm":2.08398070001,"municipalityCode":"0500518000","municipalityName":"Tiwi","provinceCode":"05005","provinceName":"Albay"},"geometry":{"type":"Polygon","coordinates":[[[123.65594206900005,13.453961143000072],[123.67295942800001,13.448877948000074],[123.65748315000008,13.440337114000044],[123.65594206900005,13.453961143000072]]]}},{"type":"Feature","properties":{"code":"0500518002","name":"Bariis","areaSqKm":6.59706852427,"municipalityCode":"0500518000","municipalityName":"Tiwi","provinceCode":"05005","provinceName":"Albay"},"geometry":{"type":"Polygon","coordinates":[[[123.6270188950001,13.490806639000027],[123.6354440340001,13.487064245000056],[123.58129249100011,13.448367139000027],[123.57545158200003,13.455228461000047],[123.6270188950001,13.490806639000027]]]}},{"type":"Feature","properties":{"code":"0500518003","name":"Baybay","areaSqKm":1.0548738933,"municipalityCode":"0500518000","municipalityName":"Tiwi","provinceCode":"05005","provinceName":"Albay"},"geometry":{"type":"Polygon","coordinates":[[[123.68400750300009,13.462480237000022],[123.68720952500007,13.457385608000038],[123.69714104600007,13.44993932500006],[123.68945841800007,13.446637128000077],[123.68400750300009,13.462480237000022]]]}},{"type":"Feature","properties":{"code":"0500518004","name":"Belen","areaSqKm":1.34455614269,"municipalityCode":"0500518000","municipalityName":"Tiwi","provinceCode":"05005","provinceName":"Albay"},"geometry":{"type":"Polygon","coordinates":[[[123.68221334400005,13.447361758000056],[123.66634090800005,13.437437439000064],[123.66100384800006,13.44153181300004],[123.68221334400005,13.447361758000056]]]}},{"type":"Feature","properties":{"code":"0500518005","name":"Biyong","areaSqKm":13.5479586534,"municipalityCode":"0500518000","municipalityName":"Tiwi","provinceCode":"05005","provinceName":"Albay"},"geometry":{"type":"Polygon","coordinates":[[[123.6561031760001,13.45250244600004],[123.65748315000008,13.440337114000044],[123.58469829500007,13.408644497000068],[123.58783505500003,13.426994652000076],[123.6561031760001,13.45250244600004]]]}},{"type":"Feature","properties":{"code":"0500518006","name":"Bolo","areaSqKm":1.04726357186,"municipalityCode":"0500518000","municipalityName":"Tiwi","provinceCode":"05005","provinceName":"Albay"},"geometry":{"type":"Polygon","coordinates":[[[123.67367473500008,13.472364362000064],[123.68403730600005,13.462488380000025],[123.67581478700004,13.460355392000054],[123.67367473500008,13.472364362000064]]]}},{"type":"Feature","properties":{"code":"0500518007","name":"Cale","areaSqKm":17.9973726645,"municipalityCode":"0500518000","municipalityName":"Tiwi","provinceCode":"05005","provinceName":"Albay"},"geometry":{"type":"Polygon","coordinates":[[[123.6592078760001,13.463660496000045],[123.65594206900005,13.453961143000072],[123.58783505500003,13.426994652000076],[123.58129249100011,13.448367139000027],[123.60389079400011,13.464400429000023],[123.61129496100011,13.455609718000062],[123.62923665900007,13.464035848000037],[123.6592078760001,13.463660496000045]]]}},{"type":"Feature","properties":{"code":"0500518008","name":"Cararayan","areaSqKm":1.10195772426,"municipalityCode":"0500518000","municipalityName":"Tiwi","provinceCode":"05005","provinceName":"Albay"},"geometry":{"type":"Polygon","coordinates":[[[123.6592078760001,13.463660496000045],[123.67431768900008,13.469605236000064],[123.66137977000005,13.45698105300005],[123.6592078760001,13.463660496000045]]]}},{"type":"Feature","properties":{"code":"0500518009","name":"Coro-coro","areaSqKm":0.501241893983,"municipalityCode":"0500518000","municipalityName":"Tiwi","provinceCode":"05005","provinceName":"Albay"},"geometry":{"type":"Polygon","coordinates":[[[123.68047734900006,13.450193940000077],[123.67789820300004,13.445056631000057],[123.66963610500011,13.445483896000042],[123.67295942800001,13.448877948000074],[123.68047734900006,13.450193940000077]]]}},{"type":"Feature","properties":{"code":"0500518010","name":"Dap-dap","areaSqKm":8.75774661324,"municipalityCode":"0500518000","municipalityName":"Tiwi","provinceCode":"05005","provinceName":"Albay"},"geometry":{"type":"Polygon","coordinates":[[[123.60295683900006,13.51849782000005],[123.6090182910001,13.512160057000074],[123.54544748100011,13.48583663900007],[123.54387433400007,13.497421355000029],[123.60295683900006,13.51849782000005]]]}},{"type":"Feature","properties":{"code":"0500518011","name":"Gajo","areaSqKm":0.774548208984,"municipalityCode":"0500518000","municipalityName":"Tiwi","provinceCode":"05005","provinceName":"Albay"},"geometry":{"type":"Polygon","coordinates":[[[123.68915633300003,13.447071878000031],[123.68332530500004,13.44332395300006],[123.67295942800001,13.448877948000074],[123.68464418700012,13.453523631000053],[123.68915633300003,13.447071878000031]]]}},{"type":"Feature","properties":{"code":"0500518012","name":"Joroan","areaSqKm":7.94923263674,"municipalityCode":"0500518000","municipalityName":"Tiwi","provinceCode":"05005","provinceName":"Albay"},"geometry":{"type":"Polygon","coordinates":[[[123.61918186200012,13.495648715000073],[123.62696164600004,13.490851024000051],[123.57545158200003,13.455228461000047],[123.56452664500011,13.46315899800004],[123.61918186200012,13.495648715000073]]]}},{"type":"Feature","properties":{"code":"0500518013","name":"Libjo","areaSqKm":1.19136958595,"municipalityCode":"0500518000","municipalityName":"Tiwi","provinceCode":"05005","provinceName":"Albay"},"geometry":{"type":"Polygon","coordinates":[[[123.67431768900008,13.469605236000064],[123.67455678600004,13.457452953000029],[123.66137977000005,13.45698105300005],[123.67431768900008,13.469605236000064]]]}},{"type":"Feature","properties":{"code":"0500518014","name":"Libtong","areaSqKm":0.696262650612,"municipalityCode":"0500518000","municipalityName":"Tiwi","provinceCode":"05005","provinceName":"Albay"},"geometry":{"type":"Polygon","coordinates":[[[123.66943829700006,13.457015238000054],[123.67660711200006,13.453418491000036],[123.66137977000005,13.45698105300005],[123.66943829700006,13.457015238000054]]]}},{"type":"Feature","properties":{"code":"0500518017","name":"Matalibong","areaSqKm":3.27929510383,"municipalityCode":"0500518000","municipalityName":"Tiwi","provinceCode":"05005","provinceName":"Albay"},"geometry":{"type":"Polygon","coordinates":[[[123.63582454400012,13.487691315000063],[123.64341741400006,13.484976072000052],[123.63372501300012,13.471452505000059],[123.61138831200003,13.469597848000035],[123.63582454400012,13.487691315000063]]]}},{"type":"Feature","properties":{"code":"0500518018","name":"Maynonong","areaSqKm":7.79404690636,"municipalityCode":"0500518000","municipalityName":"Tiwi","provinceCode":"05005","provinceName":"Albay"},"geometry":{"type":"Polygon","coordinates":[[[123.61383958300007,13.50506025900006],[123.61918186200012,13.495648715000073],[123.56452664500011,13.46315899800004],[123.55531682300011,13.47172959900007],[123.61383958300007,13.50506025900006]]]}},{"type":"Feature","properties":{"code":"0500518019","name":"Mayong","areaSqKm":8.25336183128,"municipalityCode":"0500518000","municipalityName":"Tiwi","provinceCode":"05005","provinceName":"Albay"},"geometry":{"type":"Polygon","coordinates":[[[123.54560845100002,13.516697864000037],[123.60293123600002,13.518521489000022],[123.54387433400007,13.497421355000029],[123.54560845100002,13.516697864000037]]]}},{"type":"Feature","properties":{"code":"0500518020","name":"Misibis","areaSqKm":10.4630414758,"municipalityCode":"0500518000","municipalityName":"Tiwi","provinceCode":"05005","provinceName":"Albay"},"geometry":{"type":"Polygon","coordinates":[[[123.60903770000004,13.512127174000057],[123.61384398200005,13.505062982000027],[123.60586770200007,13.497263762000046],[123.55531682300011,13.47172959900007],[123.54713879200006,13.483682737000038],[123.60903770000004,13.512127174000057]]]}},{"type":"Feature","properties":{"code":"0500518021","name":"Naga","areaSqKm":6.98313002653,"municipalityCode":"0500518000","municipalityName":"Tiwi","provinceCode":"05005","provinceName":"Albay"},"geometry":{"type":"Polygon","coordinates":[[[123.60389079400011,13.464400429000023],[123.66462938300003,13.478726957000049],[123.66084350300002,13.46728854500003],[123.61129496100011,13.455609718000062],[123.60389079400011,13.464400429000023]]]}},{"type":"Feature","properties":{"code":"0500518023","name":"Nagas","areaSqKm":6.10455571934,"municipalityCode":"0500518000","municipalityName":"Tiwi","provinceCode":"05005","provinceName":"Albay"},"geometry":{"type":"Polygon","coordinates":[[[123.69717612300008,13.449900745000036],[123.70250285400004,13.433624959000042],[123.6662032690001,13.42557991600006],[123.66634090800005,13.437437439000064],[123.69717612300008,13.449900745000036]]]}},{"type":"Feature","properties":{"code":"0500518024","name":"Oyama","areaSqKm":0.169254169973,"municipalityCode":"0500518000","municipalityName":"Tiwi","provinceCode":"05005","provinceName":"Albay"},"geometry":{"type":"Polygon","coordinates":[[[123.67660711200006,13.453418491000036],[123.67873420500007,13.45177990700006],[123.67185907600003,13.451731701000028],[123.67660711200006,13.453418491000036]]]}},{"type":"Feature","properties":{"code":"0500518025","name":"Putsan","areaSqKm":1.47033308535,"municipalityCode":"0500518000","municipalityName":"Tiwi","provinceCode":"05005","provinceName":"Albay"},"geometry":{"type":"Polygon","coordinates":[[[123.66462938300003,13.478726957000049],[123.6790410320001,13.472660207000047],[123.66272198500008,13.47044814700007],[123.66462938300003,13.478726957000049]]]}},{"type":"Feature","properties":{"code":"0500518026","name":"San Bernardo","areaSqKm":15.7813985732,"municipalityCode":"0500518000","municipalityName":"Tiwi","provinceCode":"05005","provinceName":"Albay"},"geometry":{"type":"Polygon","coordinates":[[[123.66447044800009,13.438870970000039],[123.6662032690001,13.42557991600006],[123.58243122100009,13.395386389000066],[123.58469829500007,13.408644497000068],[123.66447044800009,13.438870970000039]]]}},{"type":"Feature","properties":{"code":"0500518027","name":"Sogod","areaSqKm":1.16016620006,"municipalityCode":"0500518000","municipalityName":"Tiwi","provinceCode":"05005","provinceName":"Albay"},"geometry":{"type":"Polygon","coordinates":[[[123.64340169700006,13.485049738000043],[123.65093282500004,13.481719131000034],[123.65694545300005,13.48099531300005],[123.637882622,13.478285582000069],[123.64340169700006,13.485049738000043]]]}},{"type":"Feature","properties":{"code":"0500518028","name":"Tigbi","areaSqKm":0.741602273133,"municipalityCode":"0500518000","municipalityName":"Tiwi","provinceCode":"05005","provinceName":"Albay"},"geometry":{"type":"Polygon","coordinates":[[[123.6815688370001,13.46051049700003],[123.68464418700012,13.453523631000053],[123.67873420500007,13.45177990700006],[123.67455678600004,13.457452953000029],[123.6815688370001,13.46051049700003]]]}}]}